-- Users
INSERT INTO users (id, username, email, password, first_name, last_name, flat_number, street_address, city, postal_code, country, preferred_language, avatar_url, is_email_verified, disabled) VALUES ('0af3d6dd-7020-4acd-9884-cc8f458ede68', 'john_doe', 'john.doe@example.com', '$2a$10$FZLU/ajV2PZmD9cXiZqNMuruo592lNW13uKcICG5oEBdnfYNbej1e', 'John', 'Doe', '123', '123 Main St', 'Anytown', '12345', 'USA', 'en', '', true, false);
INSERT INTO users (id, username, email, password, first_name, last_name, flat_number, street_address, city, postal_code, country, preferred_language, avatar_url, is_email_verified, disabled) VALUES ('072bae74-494f-4aff-9ab5-77968851a059', 'jane_smith', 'jane.smith@example.com', '$2a$10$FZLU/ajV2PZmD9cXiZqNMuruo592lNW13uKcICG5oEBdnfYNbej1e', 'Jane', 'Smith', '456', '456 Elm St', 'Othertown', '67890', 'USA', 'en', '', true, false);
INSERT INTO users (id, username, email, password, first_name, last_name, flat_number, street_address, city, postal_code, country, preferred_language, avatar_url, is_email_verified, disabled) VALUES ('1f8a2e17-1275-45fd-9fc0-06604605b610', 'alice_jones', 'alice.jones@example.com', '$2a$10$FZLU/ajV2PZmD9cXiZqNMuruo592lNW13uKcICG5oEBdnfYNbej1e', 'Alice', 'Jones', '789', '789 Oak St', 'Somewhere', '54321', 'Canada', 'fr', '', false, true);
INSERT INTO users (id, username, email, password, first_name, last_name, flat_number, street_address, city, postal_code, country, preferred_language, avatar_url, is_email_verified, disabled) VALUES ('29e18a18-b129-4bb5-9008-16266318cf8f', 'bob_brown', 'bob.brown@example.com', '$2a$10$FZLU/ajV2PZmD9cXiZqNMuruo592lNW13uKcICG5oEBdnfYNbej1e', 'Bob', 'Brown', '101', '101 Pine St', 'Nowhere', '98765', 'Mexico', 'es', '', true, false);
INSERT INTO users (id, username, email, password, first_name, last_name, flat_number, street_address, city, postal_code, country, preferred_language, avatar_url, is_email_verified, disabled) VALUES ('dd5b5b29-3176-4a9f-bef5-4dc62e6fad1e', 'emily_davis', 'emily.davis@example.com', '$2a$10$FZLU/ajV2PZmD9cXiZqNMuruo592lNW13uKcICG5oEBdnfYNbej1e', 'Emily', 'Davis', '202', '202 Cedar St', 'Anothertown', '24680', 'Germany', 'de', 'https://example.com/avatars/emily_davis.jpg', true, false);
INSERT INTO users (id, username, email, password, first_name, last_name, flat_number, street_address, city, postal_code, country, preferred_language, avatar_url, is_email_verified, disabled) VALUES ('10ef0370-94e8-4eaf-b1d0-f5fb72c78da3', 'michael_wilson', 'michael.wilson@example.com', '$2a$10$FZLU/ajV2PZmD9cXiZqNMuruo592lNW13uKcICG5oEBdnfYNbej1e', 'Michael', 'Wilson', '303', '303 Birch St', 'Somecity', '13579', 'Spain', 'es', '', true, false);
INSERT INTO users (id, username, email, password, first_name, last_name, flat_number, street_address, city, postal_code, country, preferred_language, avatar_url, is_email_verified, disabled) VALUES ('f0a62726-517a-4c6e-8b75-8ad7a17c44a7', 'olivia_martinez', 'olivia.martinez@example.com', '$2a$10$FZLU/ajV2PZmD9cXiZqNMuruo592lNW13uKcICG5oEBdnfYNbej1e', 'Olivia', 'Martinez', '404', '404 Maple St', 'Anothercity', '24680', 'France', 'fr', '', true, false);
INSERT INTO users (id, username, email, password, first_name, last_name, flat_number, street_address, city, postal_code, country, preferred_language, avatar_url, is_email_verified, disabled) VALUES ('d1d0de66-aad8-47c3-b67a-5977ed69b864', 'david_lee', 'david.lee@example.com', '$2a$10$FZLU/ajV2PZmD9cXiZqNMuruo592lNW13uKcICG5oEBdnfYNbej1e', 'David', 'Lee', '505', '505 Oak St', 'Somewhere', '12345', 'China', 'zh', '', true, false);
INSERT INTO users (id, username, email, password, first_name, last_name, flat_number, street_address, city, postal_code, country, preferred_language, avatar_url, is_email_verified, disabled) VALUES ('17ab5163-4d91-4120-94f5-aeeb7bc6b90f', 'sophia_garcia', 'sophia.garcia@example.com', '$2a$10$FZLU/ajV2PZmD9cXiZqNMuruo592lNW13uKcICG5oEBdnfYNbej1e', 'Sophia', 'Garcia', '606', '606 Pine St', 'Nowhere', '67890', 'Spain', 'es', '', true, false);
INSERT INTO users (id, username, email, password, first_name, last_name, flat_number, street_address, city, postal_code, country, preferred_language, avatar_url, is_email_verified, disabled) VALUES ('08098122-8fa3-4c22-97b8-f151bd138ade', 'charlie_rodriguez', 'charlie.rodriguez@example.com', '$2a$10$FZLU/ajV2PZmD9cXiZqNMuruo592lNW13uKcICG5oEBdnfYNbej1e', 'Charlie', 'Rodriguez', '707', '707 Cedar St', 'Anothertown', '54321', 'Mexico', 'es', '', true, false);
INSERT INTO users (id, username, email, password, first_name, last_name, flat_number, street_address, city, postal_code, country, preferred_language, avatar_url, is_email_verified, disabled) VALUES ('b5d13fc6-d9a4-4459-adf6-e77a8d220e95', 'me', 'me@example.com', '$2a$10$FZLU/ajV2PZmD9cXiZqNMuruo592lNW13uKcICG5oEBdnfYNbej1e', 'Me', 'Me', '808', '808 Birch St', 'Somewhere', '12345', 'USA', 'en', 'https://mdbcdn.b-cdn.net/img/new/avatars/2.webp', true, false);
INSERT INTO users (id, username, email, password, first_name, last_name, flat_number, street_address, city, postal_code, country, preferred_language, avatar_url, is_email_verified, disabled) VALUES ('1bab3f31-992d-439a-9faa-c2ec9edc0cdc', 'ava_walker', 'ava.walker@example.com', '$2a$10$FZLU/ajV2PZmD9cXiZqNMuruo592lNW13uKcICG5oEBdnfYNbej1e', 'Ava', 'Walker', '909', '909 Cedar St', 'Anothertown', '67890', 'USA', 'en', '', true, false);
INSERT INTO users (id, username, email, password, first_name, last_name, flat_number, street_address, city, postal_code, country, preferred_language, avatar_url, is_email_verified, disabled) VALUES ('75933925-2d69-48c8-9254-aaef1324bb6a', 'noah_turner', 'noah.turner@example.com', '$2a$10$FZLU/ajV2PZmD9cXiZqNMuruo592lNW13uKcICG5oEBdnfYNbej1e', 'Noah', 'Turner', '1010', '1010 Pine St', 'Nowhere', '54321', 'USA', 'en', '', true, false);
INSERT INTO users (id, username, email, password, first_name, last_name, flat_number, street_address, city, postal_code, country, preferred_language, avatar_url, is_email_verified, disabled) VALUES ('9239365a-7d91-4651-9d0d-d0a8048e9301', 'mia_hall', 'mia.hall@example.com', '$2a$10$FZLU/ajV2PZmD9cXiZqNMuruo592lNW13uKcICG5oEBdnfYNbej1e', 'Mia', 'Hall', '1111', '1111 Oak St', 'Somewhere', '12345', 'USA', 'en', '', true, false);
INSERT INTO users (id, username, email, password, first_name, last_name, flat_number, street_address, city, postal_code, country, preferred_language, avatar_url, is_email_verified, disabled) VALUES ('87d8ec68-8512-40b6-bbea-e51fb02590f3', 'qcastel', 'quentincastel86@gmail.com', '$2a$10$FZLU/ajV2PZmD9cXiZqNMuruo592lNW13uKcICG5oEBdnfYNbej1e', 'Quentin', 'Castel', '', '119 route des oriolleres', 'Mignaloux-Beauvoir', '86550', 'France', 'en', '', true, false);
INSERT INTO users (id, username, email, password, first_name, last_name, flat_number, street_address, city, postal_code, country, preferred_language, avatar_url, is_email_verified, disabled) VALUES ('e9594f31-1592-4c04-86b9-3e1791854d63', 'afrancani', 'allan.francani@pm.me', '$2a$10$FZLU/ajV2PZmD9cXiZqNMuruo592lNW13uKcICG5oEBdnfYNbej1e', 'Allan', 'Francani', '', '', 'Haut-Savoie', '74100', 'France', 'en', '', true, false);

-- Communities
INSERT INTO communities (id, name, description, picture, requires_approval, location_name, address, lat, lng) VALUES ('97ec6ea0-7834-422b-9385-1a274c3e3325', 'Communauté de l''anneau', 'La communauté de l''anneau est une communauté de Hobbits qui veulent protéger la Terre du Milieu.', 'https://e0.pxfuel.com/wallpapers/258/960/desktop-wallpaper-the-one-ring.jpg', False, 'Mordor', '123 Bagshot Row, Hobbiton, The Shire', -43.455046454725355, 171.30580294612173);
INSERT INTO communities (id, name, description, picture, requires_approval, location_name, address, lat, lng) VALUES ('76c49237-730e-445d-900d-c59ea2ca0d13', 'Terres de Laya', 'Terres de Laya est un écoquartier avec des ambitions écologiques fortes aux portes du Bourget du Lac', 'https://terresdelaya.fr/terres-de-laya-header.png', True, 'L''eco-hammeau des granges', 'All. de la Dent du Chat, 73290 La Motte-Servolex', 45.632249361296964, 5.86580778251088);
INSERT INTO communities (id, name, description, picture, requires_approval, location_name, address, lat, lng) VALUES ('6061c04d-6988-4098-b924-dc209a1c04ae', 'Poitiers - Beaulieu', 'Beaulieu est une communauté offrant un cadre de vie urbain avec des espaces verts, idéale pour les résidents cherchant un équilibre entre la ville et la nature.', '/media/communities/beaulieu.png', False, 'Parc urbain de Beaulieu', 'Bd René Cassin, 86000 Poitiers', 46.573076, 0.384676);
INSERT INTO communities (id, name, description, picture, requires_approval, location_name, address, lat, lng) VALUES ('e4a76fa5-33c4-404d-bcf0-effd818874e4', 'Poitiers - Les 3 cités', 'Les 3 cités est une communauté connue pour son dynamisme culturel et sa forte cohésion communautaire, offrant un mélange d''espaces résidentiels et commerciaux.', 'media/communities/3cites.png', False, 'Parc du Triangle d''Or', '10 Rue Jean de la Fontaine, 86280 Saint-Benoît', 46.564059669449655, 0.3449034728364043);
INSERT INTO communities (id, name, description, picture, requires_approval, location_name, address, lat, lng) VALUES ('d40ad763-1bed-43e7-bbd4-eb10ce50571c', 'Poitiers - Les rocs', 'Les rocs est une communauté renommée pour son importance historique et architecturale, offrant un exemple typique de vie urbaine bien préservée avec une riche histoire et un fort sentiment de communauté.', 'media/communities/lesrocs.png', False, 'Place Chocquin de Sarzec', '8-14 Av. de la Paix, 86000 Poitiers', 46.590152, 0.333012);
INSERT INTO communities (id, name, description, picture, requires_approval, location_name, address, lat, lng) VALUES ('09ee1c7b-fc45-4675-a597-057ce1b5847f', 'Poitiers - Centre-ville', 'Poitiers - Centre-ville est une communauté dynamique située au cœur de la ville, offrant une variété d''espaces commerciaux et résidentiels, ainsi qu''un accès facile aux services et aux attractions touristiques.', 'media/communities/poitierscentreville.png', False, 'Place de la République', '15 Pl. du Maréchal-Leclerc, 86000 Poitiers', 46.58303704967021, 0.34204776768581924);

-- Libraries
INSERT INTO libraries (id, name, community_id, free_access, is_admin, requires_approval, instructions, location_name, address, lat, lng) VALUES ('b8a5a7d5-663f-4984-ae5c-2705f9e0b494', 'Common space', '76c49237-730e-445d-900d-c59ea2ca0d13', true, true, false, 'Please follow the guidelines for hub usage. Ensure all members are registered and adhere to the library rules. Maintain cleanliness and report any issues to the admin.', '', '', 0.0, 0.0);
INSERT INTO libraries (id, name, community_id, free_access, is_admin, requires_approval, instructions, location_name, address, lat, lng) VALUES ('758007f0-a192-4d1d-968a-a88477c95268', 'Garage 102', '76c49237-730e-445d-900d-c59ea2ca0d13', false, true, true, 'Reserve an items and as I am using it too, I will let you know when it''s available. Once approved, you can pick it up from the garage. For certain items, I will require a deposit.', '', '', 0.0, 0.0);
INSERT INTO libraries (id, name, community_id, free_access, is_admin, requires_approval, instructions, location_name, address, lat, lng) VALUES ('f68b3365-c4a2-4994-9a1e-ddbf0bafde1f', 'Garage 212', '76c49237-730e-445d-900d-c59ea2ca0d13', false, true, true, 'Reserve an items and as I am using it too, I will let you know when it''s available. Once approved, you can pick it up from the garage. For certain items, I will require a deposit.', '', '', 0.0, 0.0);
INSERT INTO libraries (id, name, community_id, free_access, is_admin, requires_approval, instructions, location_name, address, lat, lng) VALUES ('b90d424d-8078-4169-94a1-4bbb795e379a', 'Mordor', '97ec6ea0-7834-422b-9385-1a274c3e3325', false, true, true, 'Reserve an items and as I am using it too, I will let you know when it''s available. Once approved, you can pick it up from the garage. For certain items, I will require a deposit.', '', '', 0.0, 0.0);
INSERT INTO libraries (id, name, community_id, free_access, is_admin, requires_approval, instructions, location_name, address, lat, lng) VALUES ('8a6290e2-6f60-4937-85e8-17eca414ed3f', 'Bibliothèque de Beaulieu', '6061c04d-6988-4098-b924-dc209a1c04ae', true, true, false, 'Veuillez suivre les directives d''utilisation du hub. Assurez-vous que tous les membres sont enregistrés et respectent les règles de la bibliothèque. Maintenez la propreté et signalez tout problème à l''administrateur.', '', '', 0.0, 0.0);
INSERT INTO libraries (id, name, community_id, free_access, is_admin, requires_approval, instructions, location_name, address, lat, lng) VALUES ('0f7f3e75-eb14-46af-99f9-4be2c6e91142', 'Bibliothèque des 3 cités', 'e4a76fa5-33c4-404d-bcf0-effd818874e4', true, true, false, 'Veuillez suivre les directives d''utilisation du hub. Assurez-vous que tous les membres sont enregistrés et respectent les règles de la bibliothèque. Maintenez la propreté et signalez tout problème à l''administrateur.', '', '', 0.0, 0.0);
INSERT INTO libraries (id, name, community_id, free_access, is_admin, requires_approval, instructions, location_name, address, lat, lng) VALUES ('b0019dc5-e2c1-4e08-a439-3d6680f10cb1', 'Bibliothèque des rocs', 'd40ad763-1bed-43e7-bbd4-eb10ce50571c', true, true, false, 'Veuillez suivre les directives d''utilisation du hub. Assurez-vous que tous les membres sont enregistrés et respectent les règles de la bibliothèque. Maintenez la propreté et signalez tout problème à l''administrateur.', '', '', 0.0, 0.0);
INSERT INTO libraries (id, name, community_id, free_access, is_admin, requires_approval, instructions, location_name, address, lat, lng) VALUES ('b23babba-0b2f-4bff-b418-ebee03115389', 'Bibliothèque de Poitiers', '09ee1c7b-fc45-4675-a597-057ce1b5847f', true, true, false, 'Veuillez suivre les directives d''utilisation du hub. Assurez-vous que tous les membres sont enregistrés et respectent les règles de la bibliothèque. Maintenez la propreté et signalez tout problème à l''administrateur.', '', '', 0.0, 0.0);

-- Item Categories
INSERT INTO categories (id, name, icon, color, template) VALUES ('63348a2c-ac59-42bf-a60f-f942051ff8ed', 'books', '@tui.book', '#b71964', 'Book Template');
INSERT INTO categories (id, name, icon, color, template) VALUES ('bedf574a-86d6-4131-b45c-680b7b95fe6a', 'electronics', '@tui.tv', '#1d71ac', 'Electronics Template');
INSERT INTO categories (id, name, icon, color, template) VALUES ('533d8c7f-a57c-4320-8f50-0f91d6eb5bf7', 'clothing', '@tui.shirt', '#8a1bcc', 'Clothing Template');
INSERT INTO categories (id, name, icon, color, template) VALUES ('36bce973-d075-45ea-945d-32469a616178', 'diy', '@tui.hammer', '#f58220', 'DIY Template');
INSERT INTO categories (id, name, icon, color, template) VALUES ('58fc8ed7-d6b1-4350-9424-d348d9787ca2', 'beauty health', '@tui.heart', '#e17ac4', 'Beauty & Health Template');
INSERT INTO categories (id, name, icon, color, template) VALUES ('b0d030e0-ce4e-4c8e-b7df-b14279c2c13b', 'sports outdoors', '@tui.bike', '#2a7f3d', 'Sports & Outdoors Template');
INSERT INTO categories (id, name, icon, color, template) VALUES ('280e0b30-0db5-41af-bd15-2163e5bb35ae', 'camping', '@tui.tent', '#4f9c38', 'Camping Template');
INSERT INTO categories (id, name, icon, color, template) VALUES ('9b054944-c456-4f26-be6c-553c103548e6', 'gardening', '@tui.flower', '#4ca24c', 'Gardening Template');
INSERT INTO categories (id, name, icon, color, template) VALUES ('26881818-4616-40ea-bcec-d2fc6ecf6fce', 'vehicle', '@tui.car', '#019cdb', 'Vehicle Template');
INSERT INTO categories (id, name, icon, color, template) VALUES ('6c1a1373-e615-4838-b277-9fcd23ddfaa4', 'home', '@tui.home', '#d08000', 'Home Template');
INSERT INTO categories (id, name, icon, color, template) VALUES ('c399cacc-1607-402c-9f1d-1d8ef6ae6585', 'kids', '@tui.baby', '#e0b100', 'Kids Template');
INSERT INTO categories (id, name, icon, color, template) VALUES ('39cb9475-6afa-4668-8ae6-9f0d0b5b26e1', 'events', '@tui.calendar', '#e7315c', 'Events Template');
INSERT INTO categories (id, name, icon, color, template) VALUES ('24a088c9-24ac-421d-99cc-d702a3386641', 'multimedia', '@tui.video', '#1e9ee7', 'Multimedia Template');
INSERT INTO categories (id, name, icon, color, template) VALUES ('11c46716-533b-4b58-9f4e-9aca7fcbca7f', 'travel', '@tui.train-front', '#f09830', 'Travel Template');
INSERT INTO categories (id, name, icon, color, template) VALUES ('8e1e8365-566c-4465-9d32-89a259007775', 'safety', '@tui.shield', '#f57d2b', 'Safety Template');

-- Items and Borrow Records
INSERT INTO items (id, name, description, short_description, image_url, located, created_at, borrow_count, favorite, owner, library_id, category_id, community_id) VALUES ('6f6880d0-93c1-4544-be4a-63a5d5f9c154', 'The Four Agreements', 'Les Otis Chips sont les derniers produits d''une série similaire de Schimmel - Renner. Résumé : Les Otis Chips sont les nouveaux produits de Schimmel - Renner.', 'Les Otis Chips sont les nouveaux produits de Schimmel - Renner.', '/items/1.jpg', 'ShareSpace', '2024-12-29T20:51:37.186Z', 2, True, 'TheOpenShelf', 'b8a5a7d5-663f-4984-ae5c-2705f9e0b494', '63348a2c-ac59-42bf-a60f-f942051ff8ed', '76c49237-730e-445d-900d-c59ea2ca0d13');
INSERT INTO borrow_records (id, item_id, borrowed_by, reservation_date, start_date, end_date, pickup_date, effective_return_date, status) VALUES ('efcd4850-5a8f-4323-b8d4-c2028ed67383', '6f6880d0-93c1-4544-be4a-63a5d5f9c154', 'd1d0de66-aad8-47c3-b67a-5977ed69b864', '2025-01-22', '2025-08-21', '2025-08-28', '2025-08-21', NULL, 'RESERVED_CONFIRMED');
INSERT INTO borrow_records (id, item_id, borrowed_by, reservation_date, start_date, end_date, pickup_date, effective_return_date, status) VALUES ('5c73442f-64cf-440d-9223-6dcad3fdb6b4', '6f6880d0-93c1-4544-be4a-63a5d5f9c154', 'b5d13fc6-d9a4-4459-adf6-e77a8d220e95', '2024-01-05', '2024-01-29', '2024-02-04', '2024-01-29', '2024-02-04', 'RETURNED_ON_TIME');
INSERT INTO borrow_records (id, item_id, borrowed_by, reservation_date, start_date, end_date, pickup_date, effective_return_date, status) VALUES ('7799c099-a329-47fd-8a27-783735758127', '6f6880d0-93c1-4544-be4a-63a5d5f9c154', 'b5d13fc6-d9a4-4459-adf6-e77a8d220e95', '2024-10-03', '2024-10-27', '2024-11-02', '2024-10-27', '2024-11-03', 'RETURNED_LATE');
INSERT INTO borrow_records (id, item_id, borrowed_by, reservation_date, start_date, end_date, pickup_date, effective_return_date, status) VALUES ('6e84d546-b312-405e-abae-b79f769e831f', '6f6880d0-93c1-4544-be4a-63a5d5f9c154', 'b5d13fc6-d9a4-4459-adf6-e77a8d220e95', '2024-11-24', '2024-11-28', '2024-12-01', '2024-11-28', '2024-11-30', 'RETURNED_EARLY');
INSERT INTO borrow_records (id, item_id, borrowed_by, reservation_date, start_date, end_date, pickup_date, effective_return_date, status) VALUES ('d687b0c0-10c1-45da-a7fa-65013613ba6f', '6f6880d0-93c1-4544-be4a-63a5d5f9c154', 'b5d13fc6-d9a4-4459-adf6-e77a8d220e95', '2025-01-16', '2025-05-02', '2025-05-07', '2025-05-02', NULL, 'RESERVED_CONFIRMED');
INSERT INTO borrow_records (id, item_id, borrowed_by, reservation_date, start_date, end_date, pickup_date, effective_return_date, status) VALUES ('986a782f-d9bc-49cb-954c-3ba1727d8157', '6f6880d0-93c1-4544-be4a-63a5d5f9c154', 'b5d13fc6-d9a4-4459-adf6-e77a8d220e95', '2024-10-23', '2024-10-31', '2024-11-02', '2024-10-29', '2024-11-01', 'RETURNED_EARLY');
INSERT INTO items (id, name, description, short_description, image_url, located, created_at, borrow_count, favorite, owner, library_id, category_id, community_id) VALUES ('d7406505-3159-4e60-87df-c7402cf4dd65', 'Licensed Metal Cheese', 'Nouvelles chaussures turquoise avec un design ergonomique pour un confort joyeux. Résumé : Chaussures turquoise ergonomiques pour un confort joyeux.', 'Chaussures turquoise ergonomiques pour un confort joyeux.', '/items/2.jpg', 'ShareSpace', '2024-12-29T20:51:37.203Z', 9, False, 'TheOpenShelf', 'b8a5a7d5-663f-4984-ae5c-2705f9e0b494', '8e1e8365-566c-4465-9d32-89a259007775', '76c49237-730e-445d-900d-c59ea2ca0d13');
INSERT INTO borrow_records (id, item_id, borrowed_by, reservation_date, start_date, end_date, pickup_date, effective_return_date, status) VALUES ('788e064c-3c2e-4879-9e04-0bd10a511e15', 'd7406505-3159-4e60-87df-c7402cf4dd65', '9239365a-7d91-4651-9d0d-d0a8048e9301', '2024-07-12', '2024-08-09', '2024-08-14', '2024-08-09', '2024-08-14', 'RETURNED_ON_TIME');
INSERT INTO items (id, name, description, short_description, image_url, located, created_at, borrow_count, favorite, owner, library_id, category_id, community_id) VALUES ('2d699d4c-8f1a-4c9e-b548-38233c0060b0', 'Ergonomic Metal Pants', 'Poulet élégant conçu pour vous démarquer avec un look écrasant.  Résumé : Poulet élégant pour un look écrasant.', 'Poulet élégant pour un look écrasant.', '/items/3.jpg', 'ShareSpace', '2024-12-29T20:51:37.265Z', 2, False, 'TheOpenShelf', 'b8a5a7d5-663f-4984-ae5c-2705f9e0b494', '11c46716-533b-4b58-9f4e-9aca7fcbca7f', '76c49237-730e-445d-900d-c59ea2ca0d13');
INSERT INTO borrow_records (id, item_id, borrowed_by, reservation_date, start_date, end_date, pickup_date, effective_return_date, status) VALUES ('24440908-b9ce-4fbc-bd20-5138d660d3e3', '2d699d4c-8f1a-4c9e-b548-38233c0060b0', 'f0a62726-517a-4c6e-8b75-8ad7a17c44a7', '2024-06-19', '2024-07-10', '2024-07-17', '2024-07-10', '2024-07-17', 'RETURNED_ON_TIME');
INSERT INTO borrow_records (id, item_id, borrowed_by, reservation_date, start_date, end_date, pickup_date, effective_return_date, status) VALUES ('f85a0abc-22c4-44e2-a6a5-612f88401bcf', '2d699d4c-8f1a-4c9e-b548-38233c0060b0', 'b5d13fc6-d9a4-4459-adf6-e77a8d220e95', '2025-01-14', '2025-09-20', '2025-09-27', '2025-09-20', NULL, 'RESERVED_CONFIRMED');
INSERT INTO borrow_records (id, item_id, borrowed_by, reservation_date, start_date, end_date, pickup_date, effective_return_date, status) VALUES ('902ef018-d79d-4afb-9ad4-987567dafe12', '2d699d4c-8f1a-4c9e-b548-38233c0060b0', 'dd5b5b29-3176-4a9f-bef5-4dc62e6fad1e', '2025-01-12', '2025-06-20', '2025-06-23', '2025-06-18', NULL, 'RESERVED_CONFIRMED');
INSERT INTO borrow_records (id, item_id, borrowed_by, reservation_date, start_date, end_date, pickup_date, effective_return_date, status) VALUES ('dc77026e-2a0b-4d60-a131-6c55cc98004f', '2d699d4c-8f1a-4c9e-b548-38233c0060b0', '0af3d6dd-7020-4acd-9884-cc8f458ede68', '2025-01-15', '2025-10-21', '2025-10-28', '2025-10-21', NULL, 'RESERVED_CONFIRMED');
INSERT INTO borrow_records (id, item_id, borrowed_by, reservation_date, start_date, end_date, pickup_date, effective_return_date, status) VALUES ('fed27fc7-4cc8-4903-9e46-823dc8d9fe3a', '2d699d4c-8f1a-4c9e-b548-38233c0060b0', 'b5d13fc6-d9a4-4459-adf6-e77a8d220e95', '2024-07-11', '2024-07-19', '2024-07-22', '2024-07-19', '2024-07-21', 'RETURNED_EARLY');
INSERT INTO borrow_records (id, item_id, borrowed_by, reservation_date, start_date, end_date, pickup_date, effective_return_date, status) VALUES ('7cf40913-1758-43c3-997b-1bdd266f5bad', '2d699d4c-8f1a-4c9e-b548-38233c0060b0', 'd1d0de66-aad8-47c3-b67a-5977ed69b864', '2025-01-09', '2025-06-26', '2025-06-28', '2025-06-24', NULL, 'RESERVED_CONFIRMED');
INSERT INTO items (id, name, description, short_description, image_url, located, created_at, borrow_count, favorite, owner, library_id, category_id, community_id) VALUES ('c8641734-0060-4ba8-a1ef-8e4b67250139', 'Luxurious Granite Pants', 'Chapeau sans marque conçu avec du plastique pour une performance remarquable. Résumé : Chapeau sans marque en plastique pour performance optimale.', 'Chapeau sans marque en plastique pour performance optimale.', '/items/4.jpg', 'ShareSpace', '2024-12-29T20:51:37.161Z', 15, False, 'TheOpenShelf', 'b8a5a7d5-663f-4984-ae5c-2705f9e0b494', 'c399cacc-1607-402c-9f1d-1d8ef6ae6585', '76c49237-730e-445d-900d-c59ea2ca0d13');
INSERT INTO borrow_records (id, item_id, borrowed_by, reservation_date, start_date, end_date, pickup_date, effective_return_date, status) VALUES ('3f61f8f4-b57c-4787-9b32-eee3769bcf8e', 'c8641734-0060-4ba8-a1ef-8e4b67250139', 'd1d0de66-aad8-47c3-b67a-5977ed69b864', '2024-10-05', '2024-10-29', '2024-11-04', '2024-10-28', '2024-11-04', 'RETURNED_ON_TIME');
INSERT INTO items (id, name, description, short_description, image_url, located, created_at, borrow_count, favorite, owner, library_id, category_id, community_id) VALUES ('963ec9d0-a7f6-4fdd-96c4-85d884387f32', 'Handcrafted Plastic Ball', 'Ordinateur ergonomique fabriqué avec des matériaux de qualité pour un soutien lustré toute la journée. Résumé : Ordinateur ergonomique pour un soutien confortable toute la journée.', 'Ordinateur ergonomique pour un soutien confortable toute la journée.', '/items/5.jpg', 'ShareSpace', '2024-12-29T20:51:37.145Z', 2, True, 'TheOpenShelf', 'b8a5a7d5-663f-4984-ae5c-2705f9e0b494', '6c1a1373-e615-4838-b277-9fcd23ddfaa4', '76c49237-730e-445d-900d-c59ea2ca0d13');
INSERT INTO borrow_records (id, item_id, borrowed_by, reservation_date, start_date, end_date, pickup_date, effective_return_date, status) VALUES ('75e28733-88d9-4bc7-8e47-dd90d4bd6cf2', '963ec9d0-a7f6-4fdd-96c4-85d884387f32', '08098122-8fa3-4c22-97b8-f151bd138ade', '2025-01-11', '2025-12-27', '2026-01-03', '2025-12-27', NULL, 'RESERVED_CONFIRMED');
INSERT INTO borrow_records (id, item_id, borrowed_by, reservation_date, start_date, end_date, pickup_date, effective_return_date, status) VALUES ('551997a3-61f7-4f66-a629-3cf47100fdaf', '963ec9d0-a7f6-4fdd-96c4-85d884387f32', 'd1d0de66-aad8-47c3-b67a-5977ed69b864', '2025-01-21', '2025-05-13', '2025-05-19', '2025-05-11', NULL, 'RESERVED_CONFIRMED');
INSERT INTO borrow_records (id, item_id, borrowed_by, reservation_date, start_date, end_date, pickup_date, effective_return_date, status) VALUES ('2885cd32-cc13-4a4a-91b5-e6a25166c99c', '963ec9d0-a7f6-4fdd-96c4-85d884387f32', 'f0a62726-517a-4c6e-8b75-8ad7a17c44a7', '2025-01-09', '2025-07-15', '2025-07-19', '2025-07-15', NULL, 'RESERVED_CONFIRMED');
INSERT INTO items (id, name, description, short_description, image_url, located, created_at, borrow_count, favorite, owner, library_id, category_id, community_id) VALUES ('c7b1f988-5ec2-4563-ad13-52d040041c14', 'Fantastic Soft Sausages', 'Découvrez le thon inspiré des Comores, mêlant style sans pareil et artisanat local. Résumé : Thon des Comores alliant style unique et savoir-faire local.', 'Thon des Comores alliant style unique et savoir-faire local.', '/items/6.jpg', 'ShareSpace', '2024-12-29T20:51:37.187Z', 12, False, 'TheOpenShelf', 'b8a5a7d5-663f-4984-ae5c-2705f9e0b494', 'c399cacc-1607-402c-9f1d-1d8ef6ae6585', '76c49237-730e-445d-900d-c59ea2ca0d13');
INSERT INTO borrow_records (id, item_id, borrowed_by, reservation_date, start_date, end_date, pickup_date, effective_return_date, status) VALUES ('b60a7d41-2031-45f4-b619-523e337b5ccf', 'c7b1f988-5ec2-4563-ad13-52d040041c14', 'b5d13fc6-d9a4-4459-adf6-e77a8d220e95', '2025-01-08', '2025-01-15', '2025-01-21', '2025-01-15', '2025-01-22', 'RETURNED_LATE');
INSERT INTO borrow_records (id, item_id, borrowed_by, reservation_date, start_date, end_date, pickup_date, effective_return_date, status) VALUES ('5033559e-46e6-4cae-91d2-fd7927b02fc6', 'c7b1f988-5ec2-4563-ad13-52d040041c14', 'b5d13fc6-d9a4-4459-adf6-e77a8d220e95', '2025-01-11', '2025-12-08', '2025-12-13', '2025-12-06', NULL, 'RESERVED_CONFIRMED');
INSERT INTO borrow_records (id, item_id, borrowed_by, reservation_date, start_date, end_date, pickup_date, effective_return_date, status) VALUES ('0ebc2bd1-caf7-4a40-856e-c380e88248b5', 'c7b1f988-5ec2-4563-ad13-52d040041c14', '29e18a18-b129-4bb5-9008-16266318cf8f', '2024-01-25', '2024-02-08', '2024-02-10', '2024-02-07', '2024-02-10', 'RETURNED_ON_TIME');
INSERT INTO items (id, name, description, short_description, image_url, located, created_at, borrow_count, favorite, owner, library_id, category_id, community_id) VALUES ('b8e479f5-5dd1-4daa-bee9-15e1f9bcb9f8', 'Gorgeous Bronze Sausages', 'Nouvelles chips à la menthe avec un design ergonomique pour le confort des félins.  Résumé : Chips à la menthe ergonomiques pour chats.', 'Chips à la menthe ergonomiques pour chats.', '/items/7.jpg', 'ShareSpace', '2024-12-29T20:51:37.151Z', 20, True, 'TheOpenShelf', 'b8a5a7d5-663f-4984-ae5c-2705f9e0b494', '8e1e8365-566c-4465-9d32-89a259007775', '76c49237-730e-445d-900d-c59ea2ca0d13');
INSERT INTO borrow_records (id, item_id, borrowed_by, reservation_date, start_date, end_date, pickup_date, effective_return_date, status) VALUES ('6b7f6653-ea91-4339-a380-c6b6f6e6e30d', 'b8e479f5-5dd1-4daa-bee9-15e1f9bcb9f8', 'b5d13fc6-d9a4-4459-adf6-e77a8d220e95', '2025-01-09', '2025-09-15', '2025-09-17', '2025-09-15', NULL, 'RESERVED_CONFIRMED');
INSERT INTO borrow_records (id, item_id, borrowed_by, reservation_date, start_date, end_date, pickup_date, effective_return_date, status) VALUES ('0a82af06-020c-44c5-9946-a0d7c3fd4d15', 'b8e479f5-5dd1-4daa-bee9-15e1f9bcb9f8', '0af3d6dd-7020-4acd-9884-cc8f458ede68', '2024-03-01', '2024-03-08', '2024-03-09', '2024-03-08', '2024-03-08', 'RETURNED_EARLY');
INSERT INTO borrow_records (id, item_id, borrowed_by, reservation_date, start_date, end_date, pickup_date, effective_return_date, status) VALUES ('129ec90a-939e-4fb8-8d8d-ad6182f9a7b5', 'b8e479f5-5dd1-4daa-bee9-15e1f9bcb9f8', 'b5d13fc6-d9a4-4459-adf6-e77a8d220e95', '2024-07-07', '2024-07-09', '2024-07-15', '2024-07-09', '2024-07-15', 'RETURNED_ON_TIME');
INSERT INTO items (id, name, description, short_description, image_url, located, created_at, borrow_count, favorite, owner, library_id, category_id, community_id) VALUES ('f5add03e-0a0b-46a0-a088-9f7058fa7b53', 'Ulysses', 'Thon élégant conçu pour vous démarquer avec un look magnifique.  Résumé : Thon élégant pour un look magnifique.', 'Thon élégant pour un look magnifique.', '/items/8.jpg', 'ShareSpace', '2024-12-29T20:51:37.222Z', 15, False, 'TheOpenShelf', 'b8a5a7d5-663f-4984-ae5c-2705f9e0b494', '63348a2c-ac59-42bf-a60f-f942051ff8ed', '76c49237-730e-445d-900d-c59ea2ca0d13');
INSERT INTO borrow_records (id, item_id, borrowed_by, reservation_date, start_date, end_date, pickup_date, effective_return_date, status) VALUES ('04d5fca9-288b-4cee-b280-d4ead51772cb', 'f5add03e-0a0b-46a0-a088-9f7058fa7b53', 'b5d13fc6-d9a4-4459-adf6-e77a8d220e95', '2025-01-01', '2025-01-01', '2025-01-07', '2025-01-01', NULL, 'BORROWED_LATE');
INSERT INTO items (id, name, description, short_description, image_url, located, created_at, borrow_count, favorite, owner, library_id, category_id, community_id) VALUES ('32d9c097-9df3-462c-9ad0-edc586ab8dd6', 'Gorgeous Rubber Keyboard', 'Avec la technologie améliorée au technétium, notre voiture offre des performances exceptionnelles.  Résumé : Voiture performante grâce à la technologie au technétium.', 'Voiture performante grâce à la technologie au technétium.', '/items/9.jpg', 'ShareSpace', '2024-12-29T20:51:37.251Z', 16, True, 'TheOpenShelf', 'b8a5a7d5-663f-4984-ae5c-2705f9e0b494', '6c1a1373-e615-4838-b277-9fcd23ddfaa4', '76c49237-730e-445d-900d-c59ea2ca0d13');
INSERT INTO borrow_records (id, item_id, borrowed_by, reservation_date, start_date, end_date, pickup_date, effective_return_date, status) VALUES ('69c4bbbc-b504-4154-be7d-6266d9f10a09', '32d9c097-9df3-462c-9ad0-edc586ab8dd6', 'b5d13fc6-d9a4-4459-adf6-e77a8d220e95', '2025-01-09', '2025-07-16', '2025-07-20', '2025-07-16', NULL, 'RESERVED_CONFIRMED');
INSERT INTO borrow_records (id, item_id, borrowed_by, reservation_date, start_date, end_date, pickup_date, effective_return_date, status) VALUES ('d723350a-755a-4e7a-9975-339e8c750198', '32d9c097-9df3-462c-9ad0-edc586ab8dd6', 'b5d13fc6-d9a4-4459-adf6-e77a8d220e95', '2025-01-20', '2025-04-03', '2025-04-10', '2025-04-03', NULL, 'RESERVED_CONFIRMED');
INSERT INTO borrow_records (id, item_id, borrowed_by, reservation_date, start_date, end_date, pickup_date, effective_return_date, status) VALUES ('98be6451-5225-4d6e-86d1-6e65ce630ab5', '32d9c097-9df3-462c-9ad0-edc586ab8dd6', 'b5d13fc6-d9a4-4459-adf6-e77a8d220e95', '2024-06-26', '2024-07-05', '2024-07-08', '2024-07-06', '2024-07-07', 'RETURNED_EARLY');
INSERT INTO borrow_records (id, item_id, borrowed_by, reservation_date, start_date, end_date, pickup_date, effective_return_date, status) VALUES ('a565ec21-a3f4-47a5-8df7-37e4dfd34e7d', '32d9c097-9df3-462c-9ad0-edc586ab8dd6', 'b5d13fc6-d9a4-4459-adf6-e77a8d220e95', '2024-08-10', '2024-08-19', '2024-08-24', '2024-08-19', '2024-08-23', 'RETURNED_EARLY');
INSERT INTO borrow_records (id, item_id, borrowed_by, reservation_date, start_date, end_date, pickup_date, effective_return_date, status) VALUES ('1960398f-5bc1-4ea0-aef5-cd80e3ac0a29', '32d9c097-9df3-462c-9ad0-edc586ab8dd6', '072bae74-494f-4aff-9ab5-77968851a059', '2025-01-09', '2025-04-09', '2025-04-13', '2025-04-09', NULL, 'RESERVED_CONFIRMED');
INSERT INTO borrow_records (id, item_id, borrowed_by, reservation_date, start_date, end_date, pickup_date, effective_return_date, status) VALUES ('b273d0a1-b874-4bee-95e0-60ae02f5c003', '32d9c097-9df3-462c-9ad0-edc586ab8dd6', '9239365a-7d91-4651-9d0d-d0a8048e9301', '2024-01-10', '2024-01-28', '2024-01-29', '2024-01-26', '2024-01-29', 'RETURNED_ON_TIME');
INSERT INTO items (id, name, description, short_description, image_url, located, created_at, borrow_count, favorite, owner, library_id, category_id, community_id) VALUES ('b70efd77-dbd1-427c-9f37-d712b89e067d', 'Bespoke Cotton Chicken', 'La Belle Shirt est le dernier produit frivole de la série proposée par Gleichner-Kerluke.  Résumé : La Belle Shirt est un produit frivole de Gleichner-Kerluke.', 'La Belle Shirt est un produit frivole de Gleichner-Kerluke.', '/items/10.jpg', 'ShareSpace', '2024-12-29T20:51:37.152Z', 7, False, 'TheOpenShelf', 'b8a5a7d5-663f-4984-ae5c-2705f9e0b494', '58fc8ed7-d6b1-4350-9424-d348d9787ca2', '76c49237-730e-445d-900d-c59ea2ca0d13');
INSERT INTO borrow_records (id, item_id, borrowed_by, reservation_date, start_date, end_date, pickup_date, effective_return_date, status) VALUES ('a8ce1c21-a476-41f8-a2e0-c779b748a9b9', 'b70efd77-dbd1-427c-9f37-d712b89e067d', 'b5d13fc6-d9a4-4459-adf6-e77a8d220e95', '2024-01-18', '2024-01-29', '2024-02-04', '2024-01-29', '2024-02-04', 'RETURNED_ON_TIME');
INSERT INTO borrow_records (id, item_id, borrowed_by, reservation_date, start_date, end_date, pickup_date, effective_return_date, status) VALUES ('e603bf5f-32b3-4858-b405-d238b092b3c3', 'b70efd77-dbd1-427c-9f37-d712b89e067d', 'd1d0de66-aad8-47c3-b67a-5977ed69b864', '2025-01-21', '2025-11-21', '2025-11-22', '2025-11-21', NULL, 'RESERVED_CONFIRMED');
INSERT INTO borrow_records (id, item_id, borrowed_by, reservation_date, start_date, end_date, pickup_date, effective_return_date, status) VALUES ('9224ebce-00b2-4d0b-bf2b-021a24383bbf', 'b70efd77-dbd1-427c-9f37-d712b89e067d', 'f0a62726-517a-4c6e-8b75-8ad7a17c44a7', '2024-10-26', '2024-11-02', '2024-11-08', '2024-11-01', '2024-11-07', 'RETURNED_EARLY');
INSERT INTO borrow_records (id, item_id, borrowed_by, reservation_date, start_date, end_date, pickup_date, effective_return_date, status) VALUES ('bde82a15-7ff1-41f9-b9b8-ebdab57fe812', 'b70efd77-dbd1-427c-9f37-d712b89e067d', 'b5d13fc6-d9a4-4459-adf6-e77a8d220e95', '2024-03-27', '2024-04-10', '2024-04-11', '2024-04-10', '2024-04-10', 'RETURNED_EARLY');
INSERT INTO borrow_records (id, item_id, borrowed_by, reservation_date, start_date, end_date, pickup_date, effective_return_date, status) VALUES ('49e98274-7e53-4c9a-9d75-3cb0df8da34c', 'b70efd77-dbd1-427c-9f37-d712b89e067d', '9239365a-7d91-4651-9d0d-d0a8048e9301', '2025-01-14', '2025-07-17', '2025-07-22', '2025-07-16', NULL, 'RESERVED_CONFIRMED');
INSERT INTO borrow_records (id, item_id, borrowed_by, reservation_date, start_date, end_date, pickup_date, effective_return_date, status) VALUES ('2aae0f9d-e243-4e05-8b1c-fe9a9f266f87', 'b70efd77-dbd1-427c-9f37-d712b89e067d', 'dd5b5b29-3176-4a9f-bef5-4dc62e6fad1e', '2024-08-03', '2024-08-30', '2024-09-06', '2024-08-31', '2024-09-06', 'RETURNED_ON_TIME');
INSERT INTO borrow_records (id, item_id, borrowed_by, reservation_date, start_date, end_date, pickup_date, effective_return_date, status) VALUES ('8d021cf2-d91f-471d-a770-82007b62ead9', 'b70efd77-dbd1-427c-9f37-d712b89e067d', 'b5d13fc6-d9a4-4459-adf6-e77a8d220e95', '2024-04-28', '2024-05-20', '2024-05-22', '2024-05-20', '2024-05-23', 'RETURNED_LATE');
INSERT INTO borrow_records (id, item_id, borrowed_by, reservation_date, start_date, end_date, pickup_date, effective_return_date, status) VALUES ('2993d79e-fba8-4fef-b6d0-d6428e3bb4d7', 'b70efd77-dbd1-427c-9f37-d712b89e067d', '0af3d6dd-7020-4acd-9884-cc8f458ede68', '2025-01-12', '2025-05-07', '2025-05-14', '2025-05-07', NULL, 'RESERVED_CONFIRMED');
INSERT INTO borrow_records (id, item_id, borrowed_by, reservation_date, start_date, end_date, pickup_date, effective_return_date, status) VALUES ('d032c4b2-4e3e-4777-bfea-fb98e121bd63', 'b70efd77-dbd1-427c-9f37-d712b89e067d', '0af3d6dd-7020-4acd-9884-cc8f458ede68', '2024-11-11', '2024-11-29', '2024-12-01', '2024-11-29', '2024-12-01', 'RETURNED_ON_TIME');
INSERT INTO items (id, name, description, short_description, image_url, located, created_at, borrow_count, favorite, owner, library_id, category_id, community_id) VALUES ('d540b588-5652-41c5-be91-a079db696cac', 'Fantastic Concrete Hat', 'La souris élégante et sardonique est dotée d''un éclairage LED lavande pour une fonctionnalité intelligente. Résumé : Souris élégante avec éclairage LED lavande pour une fonctionnalité intelligente.', 'Souris élégante avec éclairage LED lavande pour une fonctionnalité intelligente.', '/items/11.jpg', 'ShareSpace', '2024-12-29T20:51:37.203Z', 14, True, 'TheOpenShelf', 'b8a5a7d5-663f-4984-ae5c-2705f9e0b494', '36bce973-d075-45ea-945d-32469a616178', '76c49237-730e-445d-900d-c59ea2ca0d13');
INSERT INTO borrow_records (id, item_id, borrowed_by, reservation_date, start_date, end_date, pickup_date, effective_return_date, status) VALUES ('7b236c90-f67f-45ca-aa7a-e6643419b2e9', 'd540b588-5652-41c5-be91-a079db696cac', 'b5d13fc6-d9a4-4459-adf6-e77a8d220e95', '2024-12-22', '2025-01-05', '2025-01-09', '2025-01-03', '2025-01-10', 'RETURNED_LATE');
INSERT INTO borrow_records (id, item_id, borrowed_by, reservation_date, start_date, end_date, pickup_date, effective_return_date, status) VALUES ('4dd5d174-d7e8-4187-a474-3b2010828fee', 'd540b588-5652-41c5-be91-a079db696cac', 'b5d13fc6-d9a4-4459-adf6-e77a8d220e95', '2025-01-20', '2025-02-13', '2025-02-16', '2025-02-13', NULL, 'BORROWED_ACTIVE');
INSERT INTO borrow_records (id, item_id, borrowed_by, reservation_date, start_date, end_date, pickup_date, effective_return_date, status) VALUES ('c3334d4e-2320-4b09-920e-471f26797924', 'd540b588-5652-41c5-be91-a079db696cac', 'b5d13fc6-d9a4-4459-adf6-e77a8d220e95', '2024-12-14', '2025-01-10', '2025-01-11', '2025-01-08', '2025-01-10', 'RETURNED_EARLY');
INSERT INTO borrow_records (id, item_id, borrowed_by, reservation_date, start_date, end_date, pickup_date, effective_return_date, status) VALUES ('52d24a48-9aab-478d-8172-d8180ef6eacb', 'd540b588-5652-41c5-be91-a079db696cac', 'b5d13fc6-d9a4-4459-adf6-e77a8d220e95', '2025-01-20', '2025-10-20', '2025-10-26', '2025-10-20', NULL, 'RESERVED_CONFIRMED');
INSERT INTO borrow_records (id, item_id, borrowed_by, reservation_date, start_date, end_date, pickup_date, effective_return_date, status) VALUES ('5cbf688c-969e-4cdf-acf8-0f0e1fdabdf3', 'd540b588-5652-41c5-be91-a079db696cac', 'b5d13fc6-d9a4-4459-adf6-e77a8d220e95', '2025-01-09', '2025-07-28', '2025-07-30', '2025-07-28', NULL, 'RESERVED_CONFIRMED');
INSERT INTO items (id, name, description, short_description, image_url, located, created_at, borrow_count, favorite, owner, library_id, category_id, community_id) VALUES ('5c4c1817-4a19-4f9b-8a31-f2926baab7e8', 'Cordless Vacuum Cleaner', 'Grâce à sa technologie améliorée au strontium, notre Bacon offre des performances inégalées à distance.  Résumé : Le Bacon offre des performances inégalées grâce à sa technologie au strontium.', 'Le Bacon offre des performances inégalées grâce à sa technologie au strontium.', '/items/12.jpg', 'ShareSpace', '2024-12-29T20:51:37.151Z', 8, True, 'TheOpenShelf', 'b8a5a7d5-663f-4984-ae5c-2705f9e0b494', 'bedf574a-86d6-4131-b45c-680b7b95fe6a', '76c49237-730e-445d-900d-c59ea2ca0d13');
INSERT INTO borrow_records (id, item_id, borrowed_by, reservation_date, start_date, end_date, pickup_date, effective_return_date, status) VALUES ('dfd5590f-e342-4956-bcbc-d118c629b142', '5c4c1817-4a19-4f9b-8a31-f2926baab7e8', 'b5d13fc6-d9a4-4459-adf6-e77a8d220e95', '2024-12-20', '2025-01-14', '2025-01-19', '2025-01-14', '2025-01-19', 'RETURNED_ON_TIME');
INSERT INTO borrow_records (id, item_id, borrowed_by, reservation_date, start_date, end_date, pickup_date, effective_return_date, status) VALUES ('8e9c46cb-2e46-4f29-aea2-dcf53c4912e5', '5c4c1817-4a19-4f9b-8a31-f2926baab7e8', 'dd5b5b29-3176-4a9f-bef5-4dc62e6fad1e', '2025-01-17', '2025-10-31', '2025-11-06', '2025-10-31', NULL, 'RESERVED_CONFIRMED');
INSERT INTO items (id, name, description, short_description, image_url, located, created_at, borrow_count, favorite, owner, library_id, category_id, community_id) VALUES ('55afd91b-cfaa-4540-9470-c8358b40c19d', 'Refined Soft Salad', 'Notre bacon inspiré des douceurs apporte une touche de luxe à votre super style de vie.  Résumé : Bacon sucré pour une touche de luxe dans votre vie.', 'Bacon sucré pour une touche de luxe dans votre vie.', '/items/13.jpg', 'ShareSpace', '2024-12-29T20:51:37.312Z', 14, True, 'TheOpenShelf', 'b8a5a7d5-663f-4984-ae5c-2705f9e0b494', '36bce973-d075-45ea-945d-32469a616178', '76c49237-730e-445d-900d-c59ea2ca0d13');
INSERT INTO borrow_records (id, item_id, borrowed_by, reservation_date, start_date, end_date, pickup_date, effective_return_date, status) VALUES ('97ff0cdd-18dc-4210-8d6a-8f1183144a3e', '55afd91b-cfaa-4540-9470-c8358b40c19d', '08098122-8fa3-4c22-97b8-f151bd138ade', '2025-01-09', '2025-07-11', '2025-07-14', '2025-07-11', NULL, 'RESERVED_CONFIRMED');
INSERT INTO borrow_records (id, item_id, borrowed_by, reservation_date, start_date, end_date, pickup_date, effective_return_date, status) VALUES ('9c3de40b-4cde-40e1-8496-5c00d57df12d', '55afd91b-cfaa-4540-9470-c8358b40c19d', '08098122-8fa3-4c22-97b8-f151bd138ade', '2025-01-17', '2025-03-24', '2025-03-29', '2025-03-22', NULL, 'RESERVED_CONFIRMED');
INSERT INTO items (id, name, description, short_description, image_url, located, created_at, borrow_count, favorite, owner, library_id, category_id, community_id) VALUES ('7d2a21a1-1406-407f-8a16-9f79161cd47a', 'Refined Plastic Shirt', 'Vélo innovant doté de la technologie de pointe et d''une construction en caoutchouc.  Résumé : Vélo innovant avec technologie avancée et structure en caoutchouc.', 'Vélo innovant avec technologie avancée et structure en caoutchouc.', '/items/14.jpg', 'ShareSpace', '2024-12-29T20:51:37.162Z', 1, False, 'TheOpenShelf', 'b8a5a7d5-663f-4984-ae5c-2705f9e0b494', '9b054944-c456-4f26-be6c-553c103548e6', '76c49237-730e-445d-900d-c59ea2ca0d13');
INSERT INTO borrow_records (id, item_id, borrowed_by, reservation_date, start_date, end_date, pickup_date, effective_return_date, status) VALUES ('aea9a0e6-9ec6-410e-8d74-977e1e3fcf11', '7d2a21a1-1406-407f-8a16-9f79161cd47a', 'd1d0de66-aad8-47c3-b67a-5977ed69b864', '2025-01-10', '2025-01-23', '2025-01-25', '2025-01-21', NULL, 'BORROWED_LATE');
INSERT INTO borrow_records (id, item_id, borrowed_by, reservation_date, start_date, end_date, pickup_date, effective_return_date, status) VALUES ('2c51fca5-dd29-46d5-bed0-13dc2762b112', '7d2a21a1-1406-407f-8a16-9f79161cd47a', 'b5d13fc6-d9a4-4459-adf6-e77a8d220e95', '2025-01-06', '2025-01-27', '2025-02-01', '2025-01-28', NULL, 'BORROWED_LATE');
INSERT INTO borrow_records (id, item_id, borrowed_by, reservation_date, start_date, end_date, pickup_date, effective_return_date, status) VALUES ('dd0a0e4a-7de4-4d4d-8f41-1ec3bb2ecba8', '7d2a21a1-1406-407f-8a16-9f79161cd47a', '1f8a2e17-1275-45fd-9fc0-06604605b610', '2025-01-11', '2025-08-31', '2025-09-05', '2025-08-31', NULL, 'RESERVED_CONFIRMED');
INSERT INTO borrow_records (id, item_id, borrowed_by, reservation_date, start_date, end_date, pickup_date, effective_return_date, status) VALUES ('6b5369c2-f989-4ff0-a21c-f34823af8cda', '7d2a21a1-1406-407f-8a16-9f79161cd47a', 'f0a62726-517a-4c6e-8b75-8ad7a17c44a7', '2025-01-18', '2025-08-11', '2025-08-17', '2025-08-10', NULL, 'RESERVED_CONFIRMED');
INSERT INTO borrow_records (id, item_id, borrowed_by, reservation_date, start_date, end_date, pickup_date, effective_return_date, status) VALUES ('aa45bb5d-7747-4d39-8064-f4bf6cd59863', '7d2a21a1-1406-407f-8a16-9f79161cd47a', 'b5d13fc6-d9a4-4459-adf6-e77a8d220e95', '2025-01-13', '2025-12-26', '2025-12-29', '2025-12-25', NULL, 'RESERVED_CONFIRMED');
INSERT INTO borrow_records (id, item_id, borrowed_by, reservation_date, start_date, end_date, pickup_date, effective_return_date, status) VALUES ('10332958-f244-40c4-90b0-f2373c44428e', '7d2a21a1-1406-407f-8a16-9f79161cd47a', 'b5d13fc6-d9a4-4459-adf6-e77a8d220e95', '2025-01-21', '2025-06-08', '2025-06-14', '2025-06-08', NULL, 'RESERVED_CONFIRMED');
INSERT INTO borrow_records (id, item_id, borrowed_by, reservation_date, start_date, end_date, pickup_date, effective_return_date, status) VALUES ('837000e4-8812-456f-94dd-157da5dfa234', '7d2a21a1-1406-407f-8a16-9f79161cd47a', 'b5d13fc6-d9a4-4459-adf6-e77a8d220e95', '2025-01-19', '2025-05-22', '2025-05-28', '2025-05-22', NULL, 'RESERVED_CONFIRMED');
INSERT INTO borrow_records (id, item_id, borrowed_by, reservation_date, start_date, end_date, pickup_date, effective_return_date, status) VALUES ('282577e7-71b0-461c-8055-8474a7babf1b', '7d2a21a1-1406-407f-8a16-9f79161cd47a', 'b5d13fc6-d9a4-4459-adf6-e77a8d220e95', '2024-04-07', '2024-04-26', '2024-04-30', '2024-04-26', '2024-04-29', 'RETURNED_EARLY');
INSERT INTO borrow_records (id, item_id, borrowed_by, reservation_date, start_date, end_date, pickup_date, effective_return_date, status) VALUES ('21c5a81e-0cb6-4635-8321-846ea0f4f3b6', '7d2a21a1-1406-407f-8a16-9f79161cd47a', 'b5d13fc6-d9a4-4459-adf6-e77a8d220e95', '2024-12-11', '2024-12-30', '2025-01-04', '2024-12-29', '2025-01-04', 'RETURNED_ON_TIME');
INSERT INTO borrow_records (id, item_id, borrowed_by, reservation_date, start_date, end_date, pickup_date, effective_return_date, status) VALUES ('e6b74e78-4aec-42fd-8c92-4744470513fc', '7d2a21a1-1406-407f-8a16-9f79161cd47a', '9239365a-7d91-4651-9d0d-d0a8048e9301', '2025-01-10', '2025-07-17', '2025-07-24', '2025-07-16', NULL, 'RESERVED_CONFIRMED');
INSERT INTO items (id, name, description, short_description, image_url, located, created_at, borrow_count, favorite, owner, library_id, category_id, community_id) VALUES ('cf9912aa-1824-43e4-9471-e1cff6e39e36', 'Bespoke Plastic Table', 'Découvrez l''essence salée de notre savon, conçu pour accompagner vos aventures culinaires conscientes.  Résumé : Savon aux notes salées pour aventures culinaires conscientes.', 'Savon aux notes salées pour aventures culinaires conscientes.', '/items/15.jpg', 'ShareSpace', '2024-12-29T20:51:37.189Z', 19, False, 'TheOpenShelf', 'b8a5a7d5-663f-4984-ae5c-2705f9e0b494', '8e1e8365-566c-4465-9d32-89a259007775', '76c49237-730e-445d-900d-c59ea2ca0d13');
INSERT INTO borrow_records (id, item_id, borrowed_by, reservation_date, start_date, end_date, pickup_date, effective_return_date, status) VALUES ('72613395-efa4-4160-bed4-0cf8d215e839', 'cf9912aa-1824-43e4-9471-e1cff6e39e36', 'b5d13fc6-d9a4-4459-adf6-e77a8d220e95', '2024-01-20', '2024-01-26', '2024-01-27', '2024-01-26', '2024-01-27', 'RETURNED_ON_TIME');
INSERT INTO borrow_records (id, item_id, borrowed_by, reservation_date, start_date, end_date, pickup_date, effective_return_date, status) VALUES ('3be4dadd-f759-4548-b78e-2d2a639ccb23', 'cf9912aa-1824-43e4-9471-e1cff6e39e36', '1f8a2e17-1275-45fd-9fc0-06604605b610', '2025-01-14', '2025-12-29', '2026-01-04', '2025-12-29', NULL, 'RESERVED_CONFIRMED');
INSERT INTO borrow_records (id, item_id, borrowed_by, reservation_date, start_date, end_date, pickup_date, effective_return_date, status) VALUES ('8971b34e-2e4e-49a9-af21-a3ca51c0a898', 'cf9912aa-1824-43e4-9471-e1cff6e39e36', 'b5d13fc6-d9a4-4459-adf6-e77a8d220e95', '2024-04-28', '2024-05-24', '2024-05-31', '2024-05-24', '2024-05-31', 'RETURNED_ON_TIME');
INSERT INTO borrow_records (id, item_id, borrowed_by, reservation_date, start_date, end_date, pickup_date, effective_return_date, status) VALUES ('67bb9cb4-dfcb-41d7-9b12-d7a5b7df877d', 'cf9912aa-1824-43e4-9471-e1cff6e39e36', '29e18a18-b129-4bb5-9008-16266318cf8f', '2024-07-23', '2024-08-02', '2024-08-03', '2024-08-01', '2024-08-03', 'RETURNED_ON_TIME');
INSERT INTO items (id, name, description, short_description, image_url, located, created_at, borrow_count, favorite, owner, library_id, category_id, community_id) VALUES ('ea1ad3f8-34dd-472c-8acc-168771571e8c', 'Rustic Steel Car', 'Pizza ergonomique en plastique pour un soutien assourdissant toute la journée.  Résumé : Pizza en plastique ergonomique pour un soutien durable.', 'Pizza en plastique ergonomique pour un soutien durable.', '/items/16.jpg', 'ShareSpace', '2024-12-29T20:51:37.544Z', 7, True, 'TheOpenShelf', 'b8a5a7d5-663f-4984-ae5c-2705f9e0b494', '26881818-4616-40ea-bcec-d2fc6ecf6fce', '76c49237-730e-445d-900d-c59ea2ca0d13');
INSERT INTO borrow_records (id, item_id, borrowed_by, reservation_date, start_date, end_date, pickup_date, effective_return_date, status) VALUES ('2795e8eb-9ad5-40f9-a6df-551398cffe7a', 'ea1ad3f8-34dd-472c-8acc-168771571e8c', '0af3d6dd-7020-4acd-9884-cc8f458ede68', '2025-01-09', '2025-03-31', '2025-04-05', '2025-03-31', NULL, 'RESERVED_CONFIRMED');
INSERT INTO borrow_records (id, item_id, borrowed_by, reservation_date, start_date, end_date, pickup_date, effective_return_date, status) VALUES ('79b879e2-bd3e-45ae-9168-47424259e93e', 'ea1ad3f8-34dd-472c-8acc-168771571e8c', '75933925-2d69-48c8-9254-aaef1324bb6a', '2025-01-15', '2025-09-20', '2025-09-22', '2025-09-19', NULL, 'RESERVED_CONFIRMED');
INSERT INTO borrow_records (id, item_id, borrowed_by, reservation_date, start_date, end_date, pickup_date, effective_return_date, status) VALUES ('83964912-7819-4e7e-9b83-8d946ccf7eaa', 'ea1ad3f8-34dd-472c-8acc-168771571e8c', '072bae74-494f-4aff-9ab5-77968851a059', '2024-12-18', '2024-12-21', '2024-12-22', '2024-12-21', '2024-12-21', 'RETURNED_EARLY');
INSERT INTO borrow_records (id, item_id, borrowed_by, reservation_date, start_date, end_date, pickup_date, effective_return_date, status) VALUES ('603dc637-b4e6-452e-9339-106eb3708a2b', 'ea1ad3f8-34dd-472c-8acc-168771571e8c', '1f8a2e17-1275-45fd-9fc0-06604605b610', '2024-06-10', '2024-06-22', '2024-06-27', '2024-06-21', '2024-06-28', 'RETURNED_LATE');
INSERT INTO borrow_records (id, item_id, borrowed_by, reservation_date, start_date, end_date, pickup_date, effective_return_date, status) VALUES ('a62ac2a4-aedc-41ed-91d9-6d9984c46de1', 'ea1ad3f8-34dd-472c-8acc-168771571e8c', 'b5d13fc6-d9a4-4459-adf6-e77a8d220e95', '2025-01-21', '2025-07-31', '2025-08-03', '2025-07-31', NULL, 'RESERVED_CONFIRMED');
INSERT INTO borrow_records (id, item_id, borrowed_by, reservation_date, start_date, end_date, pickup_date, effective_return_date, status) VALUES ('79dd8d23-63a9-4665-b4cf-7da99ecad7e0', 'ea1ad3f8-34dd-472c-8acc-168771571e8c', 'b5d13fc6-d9a4-4459-adf6-e77a8d220e95', '2025-01-12', '2025-08-13', '2025-08-15', '2025-08-13', NULL, 'RESERVED_CONFIRMED');
INSERT INTO borrow_records (id, item_id, borrowed_by, reservation_date, start_date, end_date, pickup_date, effective_return_date, status) VALUES ('65d836fd-f325-45b1-a45a-7ace9db05453', 'ea1ad3f8-34dd-472c-8acc-168771571e8c', 'b5d13fc6-d9a4-4459-adf6-e77a8d220e95', '2024-03-16', '2024-04-04', '2024-04-11', '2024-04-05', '2024-04-10', 'RETURNED_EARLY');
INSERT INTO borrow_records (id, item_id, borrowed_by, reservation_date, start_date, end_date, pickup_date, effective_return_date, status) VALUES ('473a823e-ec40-410c-a6fa-d9d41d4a16f9', 'ea1ad3f8-34dd-472c-8acc-168771571e8c', 'b5d13fc6-d9a4-4459-adf6-e77a8d220e95', '2025-01-12', '2025-07-08', '2025-07-10', '2025-07-08', NULL, 'RESERVED_CONFIRMED');
INSERT INTO borrow_records (id, item_id, borrowed_by, reservation_date, start_date, end_date, pickup_date, effective_return_date, status) VALUES ('1bfc12b5-0dbd-4359-bb2f-fcc54a842805', 'ea1ad3f8-34dd-472c-8acc-168771571e8c', 'b5d13fc6-d9a4-4459-adf6-e77a8d220e95', '2025-01-08', '2025-10-19', '2025-10-24', '2025-10-19', NULL, 'RESERVED_CONFIRMED');
INSERT INTO items (id, name, description, short_description, image_url, located, created_at, borrow_count, favorite, owner, library_id, category_id, community_id) VALUES ('8cb6b89c-6eaa-4f8d-9f8f-2f6740602ef7', 'Generic Plastic Table', 'La technologie de pointe des chemises de Lehner, Witting et Dicki améliore les capacités de l''usure.  Résumé : La technologie avancée des chemises Lehner, Witting et Dicki améliore l''usure.', 'La technologie avancée des chemises Lehner, Witting et Dicki améliore l''usure.', '/items/17.jpg', 'ShareSpace', '2024-12-29T20:51:37.203Z', 18, False, 'TheOpenShelf', 'b8a5a7d5-663f-4984-ae5c-2705f9e0b494', '39cb9475-6afa-4668-8ae6-9f0d0b5b26e1', '76c49237-730e-445d-900d-c59ea2ca0d13');
INSERT INTO borrow_records (id, item_id, borrowed_by, reservation_date, start_date, end_date, pickup_date, effective_return_date, status) VALUES ('8d6d235a-2ba1-4b93-9ca6-103ef716f1fd', '8cb6b89c-6eaa-4f8d-9f8f-2f6740602ef7', '072bae74-494f-4aff-9ab5-77968851a059', '2024-04-13', '2024-05-12', '2024-05-14', '2024-05-13', '2024-05-15', 'RETURNED_LATE');
INSERT INTO borrow_records (id, item_id, borrowed_by, reservation_date, start_date, end_date, pickup_date, effective_return_date, status) VALUES ('bd150a6b-742a-4cf1-9de0-9c0d39341ac2', '8cb6b89c-6eaa-4f8d-9f8f-2f6740602ef7', 'b5d13fc6-d9a4-4459-adf6-e77a8d220e95', '2025-01-15', '2025-03-29', '2025-03-31', '2025-03-29', NULL, 'RESERVED_CONFIRMED');
INSERT INTO borrow_records (id, item_id, borrowed_by, reservation_date, start_date, end_date, pickup_date, effective_return_date, status) VALUES ('0c52245d-b1a3-48f4-a6b6-30870598246c', '8cb6b89c-6eaa-4f8d-9f8f-2f6740602ef7', 'b5d13fc6-d9a4-4459-adf6-e77a8d220e95', '2024-01-15', '2024-01-27', '2024-02-01', '2024-01-27', '2024-02-01', 'RETURNED_ON_TIME');
INSERT INTO borrow_records (id, item_id, borrowed_by, reservation_date, start_date, end_date, pickup_date, effective_return_date, status) VALUES ('be0ccd5a-9251-4b64-8c7b-73e6535b7281', '8cb6b89c-6eaa-4f8d-9f8f-2f6740602ef7', '0af3d6dd-7020-4acd-9884-cc8f458ede68', '2025-02-01', '2025-02-08', '2025-02-11', '2025-02-06', NULL, 'BORROWED_LATE');
INSERT INTO borrow_records (id, item_id, borrowed_by, reservation_date, start_date, end_date, pickup_date, effective_return_date, status) VALUES ('03d8ebf6-0038-4653-a12a-138c58e9d1ac', '8cb6b89c-6eaa-4f8d-9f8f-2f6740602ef7', '9239365a-7d91-4651-9d0d-d0a8048e9301', '2025-01-13', '2025-04-25', '2025-04-30', '2025-04-24', NULL, 'RESERVED_CONFIRMED');
INSERT INTO borrow_records (id, item_id, borrowed_by, reservation_date, start_date, end_date, pickup_date, effective_return_date, status) VALUES ('c7b43a27-bdb6-4b53-ae99-ef5161f7f4c2', '8cb6b89c-6eaa-4f8d-9f8f-2f6740602ef7', 'b5d13fc6-d9a4-4459-adf6-e77a8d220e95', '2024-10-31', '2024-11-09', '2024-11-10', '2024-11-09', '2024-11-09', 'RETURNED_EARLY');
INSERT INTO borrow_records (id, item_id, borrowed_by, reservation_date, start_date, end_date, pickup_date, effective_return_date, status) VALUES ('951934cc-5e6c-4313-89d7-3136c913503c', '8cb6b89c-6eaa-4f8d-9f8f-2f6740602ef7', 'b5d13fc6-d9a4-4459-adf6-e77a8d220e95', '2023-12-22', '2024-01-14', '2024-01-16', '2024-01-14', '2024-01-15', 'RETURNED_EARLY');
INSERT INTO items (id, name, description, short_description, image_url, located, created_at, borrow_count, favorite, owner, library_id, category_id, community_id) VALUES ('63789e69-449a-4b88-8eb7-8b037b895dac', 'Awesome Fresh Pizza', 'Souris élégante conçue pour vous démarquer avec un design fantastique.  Résumé : Souris élégante pour se démarquer.', 'Souris élégante pour se démarquer.', '/items/18.jpg', 'ShareSpace', '2024-12-29T20:51:37.186Z', 5, True, 'TheOpenShelf', 'b8a5a7d5-663f-4984-ae5c-2705f9e0b494', '280e0b30-0db5-41af-bd15-2163e5bb35ae', '76c49237-730e-445d-900d-c59ea2ca0d13');
INSERT INTO borrow_records (id, item_id, borrowed_by, reservation_date, start_date, end_date, pickup_date, effective_return_date, status) VALUES ('51a0e978-b894-40b3-89bc-d2172d2810d7', '63789e69-449a-4b88-8eb7-8b037b895dac', '1f8a2e17-1275-45fd-9fc0-06604605b610', '2024-06-13', '2024-07-05', '2024-07-12', '2024-07-05', '2024-07-13', 'RETURNED_LATE');
INSERT INTO borrow_records (id, item_id, borrowed_by, reservation_date, start_date, end_date, pickup_date, effective_return_date, status) VALUES ('65a9a5c6-d3b5-4080-a981-20b3ee2833f6', '63789e69-449a-4b88-8eb7-8b037b895dac', 'b5d13fc6-d9a4-4459-adf6-e77a8d220e95', '2024-06-10', '2024-06-29', '2024-07-02', '2024-06-29', '2024-07-02', 'RETURNED_ON_TIME');
INSERT INTO items (id, name, description, short_description, image_url, located, created_at, borrow_count, favorite, owner, library_id, category_id, community_id) VALUES ('ccdbf581-945e-47e6-8d9d-da3e98b42871', 'Small Cotton Computer', 'Les gants Verna sont le dernier produit audacieux de la série Hauck - Kessler.  Résumé : Les gants Verna sont une nouveauté audacieuse de Hauck - Kessler.', 'Les gants Verna sont une nouveauté audacieuse de Hauck - Kessler.', '/items/19.jpg', 'ShareSpace', '2024-12-29T20:51:37.187Z', 6, True, 'TheOpenShelf', 'b8a5a7d5-663f-4984-ae5c-2705f9e0b494', '11c46716-533b-4b58-9f4e-9aca7fcbca7f', '76c49237-730e-445d-900d-c59ea2ca0d13');
INSERT INTO borrow_records (id, item_id, borrowed_by, reservation_date, start_date, end_date, pickup_date, effective_return_date, status) VALUES ('20fba43f-48b4-4864-8eb2-a7f55d20cad4', 'ccdbf581-945e-47e6-8d9d-da3e98b42871', 'dd5b5b29-3176-4a9f-bef5-4dc62e6fad1e', '2023-12-12', '2024-01-02', '2024-01-03', '2023-12-31', '2024-01-02', 'RETURNED_EARLY');
INSERT INTO items (id, name, description, short_description, image_url, located, created_at, borrow_count, favorite, owner, library_id, category_id, community_id) VALUES ('7f9310d5-1eac-4120-9292-d0643049f66a', 'Fantastic Metal Hat', 'Découvrez l''agilité du loup de mer de notre chemise, parfaite pour tous les utilisateurs.  Résumé : Chemise agile inspirée du loup de mer pour tous.', 'Chemise agile inspirée du loup de mer pour tous.', '/items/20.jpg', 'ShareSpace', '2024-12-29T20:51:37.302Z', 8, False, 'TheOpenShelf', 'b8a5a7d5-663f-4984-ae5c-2705f9e0b494', '36bce973-d075-45ea-945d-32469a616178', '76c49237-730e-445d-900d-c59ea2ca0d13');
INSERT INTO items (id, name, description, short_description, image_url, located, created_at, borrow_count, favorite, owner, library_id, category_id, community_id) VALUES ('bc5a2d38-17c3-4ca3-bae0-730637867758', 'Modern Bronze Pizza', 'Nos pantalons adaptés aux grenouilles garantissent le confort optimal pour vos animaux de compagnie. Résumé : Pantalons confortables pour animaux de compagnie.', 'Pantalons confortables pour animaux de compagnie.', '/items/21.jpg', 'ShareSpace', '2024-12-29T20:51:37.305Z', 13, False, 'TheOpenShelf', 'b8a5a7d5-663f-4984-ae5c-2705f9e0b494', '36bce973-d075-45ea-945d-32469a616178', '76c49237-730e-445d-900d-c59ea2ca0d13');
INSERT INTO borrow_records (id, item_id, borrowed_by, reservation_date, start_date, end_date, pickup_date, effective_return_date, status) VALUES ('ab02737b-2e5b-49f0-84fb-12ffd44a96c3', 'bc5a2d38-17c3-4ca3-bae0-730637867758', '0af3d6dd-7020-4acd-9884-cc8f458ede68', '2025-01-09', '2025-07-17', '2025-07-18', '2025-07-17', NULL, 'RESERVED_CONFIRMED');
INSERT INTO borrow_records (id, item_id, borrowed_by, reservation_date, start_date, end_date, pickup_date, effective_return_date, status) VALUES ('0f9f9603-8d5d-456e-ab7e-697934891ab1', 'bc5a2d38-17c3-4ca3-bae0-730637867758', 'b5d13fc6-d9a4-4459-adf6-e77a8d220e95', '2025-01-20', '2025-12-29', '2026-01-02', '2025-12-29', NULL, 'RESERVED_CONFIRMED');
INSERT INTO items (id, name, description, short_description, image_url, located, created_at, borrow_count, favorite, owner, library_id, category_id, community_id) VALUES ('a86c2d51-61e9-47a0-a751-691f661c74de', 'Fantastic Granite Chips', 'Nouveau savon indigo avec un design ergonomique pour un confort optimal.  Résumé : Savon indigo ergonomique pour un confort optimal.', 'Savon indigo ergonomique pour un confort optimal.', '/items/22.jpg', 'ShareSpace', '2024-12-29T20:51:37.260Z', 3, False, 'TheOpenShelf', 'b8a5a7d5-663f-4984-ae5c-2705f9e0b494', '6c1a1373-e615-4838-b277-9fcd23ddfaa4', '76c49237-730e-445d-900d-c59ea2ca0d13');
INSERT INTO borrow_records (id, item_id, borrowed_by, reservation_date, start_date, end_date, pickup_date, effective_return_date, status) VALUES ('f01a3d33-41d4-4ca3-b5e4-3f5f5be18211', 'a86c2d51-61e9-47a0-a751-691f661c74de', 'b5d13fc6-d9a4-4459-adf6-e77a8d220e95', '2025-01-12', '2025-11-14', '2025-11-20', '2025-11-14', NULL, 'RESERVED_CONFIRMED');
INSERT INTO borrow_records (id, item_id, borrowed_by, reservation_date, start_date, end_date, pickup_date, effective_return_date, status) VALUES ('fdac1f54-f0a6-4617-a842-8c4a83759223', 'a86c2d51-61e9-47a0-a751-691f661c74de', '29e18a18-b129-4bb5-9008-16266318cf8f', '2025-01-21', '2025-05-25', '2025-05-30', '2025-05-25', NULL, 'RESERVED_CONFIRMED');
INSERT INTO borrow_records (id, item_id, borrowed_by, reservation_date, start_date, end_date, pickup_date, effective_return_date, status) VALUES ('a773c1a7-7715-4def-8ae3-746bc0d8a008', 'a86c2d51-61e9-47a0-a751-691f661c74de', 'b5d13fc6-d9a4-4459-adf6-e77a8d220e95', '2025-01-18', '2025-02-17', '2025-02-24', '2025-02-15', NULL, 'RESERVED_CONFIRMED');
INSERT INTO borrow_records (id, item_id, borrowed_by, reservation_date, start_date, end_date, pickup_date, effective_return_date, status) VALUES ('cf6cf2b1-ecad-4c35-a05e-975e0936af44', 'a86c2d51-61e9-47a0-a751-691f661c74de', 'b5d13fc6-d9a4-4459-adf6-e77a8d220e95', '2025-01-22', '2025-12-21', '2025-12-28', '2025-12-21', NULL, 'RESERVED_CONFIRMED');
INSERT INTO borrow_records (id, item_id, borrowed_by, reservation_date, start_date, end_date, pickup_date, effective_return_date, status) VALUES ('0a03eff0-513c-41d1-941e-eac37cfebdd2', 'a86c2d51-61e9-47a0-a751-691f661c74de', '9239365a-7d91-4651-9d0d-d0a8048e9301', '2025-01-10', '2025-06-28', '2025-07-05', '2025-06-28', NULL, 'RESERVED_CONFIRMED');
INSERT INTO borrow_records (id, item_id, borrowed_by, reservation_date, start_date, end_date, pickup_date, effective_return_date, status) VALUES ('a585f8ea-0b2c-4b3c-b0db-65974a168e6c', 'a86c2d51-61e9-47a0-a751-691f661c74de', 'b5d13fc6-d9a4-4459-adf6-e77a8d220e95', '2024-07-28', '2024-07-31', '2024-08-05', '2024-07-31', '2024-08-06', 'RETURNED_LATE');
INSERT INTO borrow_records (id, item_id, borrowed_by, reservation_date, start_date, end_date, pickup_date, effective_return_date, status) VALUES ('cba3f5be-52b3-452e-a698-884bec8b9066', 'a86c2d51-61e9-47a0-a751-691f661c74de', 'b5d13fc6-d9a4-4459-adf6-e77a8d220e95', '2024-10-16', '2024-11-14', '2024-11-18', '2024-11-15', '2024-11-17', 'RETURNED_EARLY');
INSERT INTO items (id, name, description, short_description, image_url, located, created_at, borrow_count, favorite, owner, library_id, category_id, community_id) VALUES ('15327edf-7372-4b4d-ac98-f5a7036d882d', 'Unbranded Cotton Gloves', 'Découvrez l''essence juteuse de notre chapeau, conçu pour de véritables aventures culinaires.  Résumé : Chapeau pour aventures culinaires.', 'Chapeau pour aventures culinaires.', '/items/23.jpg', 'ShareSpace', '2024-12-29T20:51:37.173Z', 11, False, 'TheOpenShelf', 'b8a5a7d5-663f-4984-ae5c-2705f9e0b494', 'c399cacc-1607-402c-9f1d-1d8ef6ae6585', '76c49237-730e-445d-900d-c59ea2ca0d13');
INSERT INTO borrow_records (id, item_id, borrowed_by, reservation_date, start_date, end_date, pickup_date, effective_return_date, status) VALUES ('ca034dd6-c368-4f97-a668-8d5279a855b8', '15327edf-7372-4b4d-ac98-f5a7036d882d', '75933925-2d69-48c8-9254-aaef1324bb6a', '2024-08-17', '2024-09-16', '2024-09-21', '2024-09-16', '2024-09-20', 'RETURNED_EARLY');
INSERT INTO borrow_records (id, item_id, borrowed_by, reservation_date, start_date, end_date, pickup_date, effective_return_date, status) VALUES ('3e0ba7a3-a55a-43ac-884b-3b7971f21566', '15327edf-7372-4b4d-ac98-f5a7036d882d', 'dd5b5b29-3176-4a9f-bef5-4dc62e6fad1e', '2024-11-08', '2024-11-11', '2024-11-14', '2024-11-11', '2024-11-14', 'RETURNED_ON_TIME');
INSERT INTO borrow_records (id, item_id, borrowed_by, reservation_date, start_date, end_date, pickup_date, effective_return_date, status) VALUES ('64a4e379-da14-41c2-8f41-f798cc272d15', '15327edf-7372-4b4d-ac98-f5a7036d882d', 'b5d13fc6-d9a4-4459-adf6-e77a8d220e95', '2025-02-14', '2025-02-22', '2025-02-24', '2025-02-22', NULL, 'RESERVED_UNCONFIRMED');
INSERT INTO borrow_records (id, item_id, borrowed_by, reservation_date, start_date, end_date, pickup_date, effective_return_date, status) VALUES ('bfdfe2e5-918a-402c-9bec-c1460a021093', '15327edf-7372-4b4d-ac98-f5a7036d882d', 'd1d0de66-aad8-47c3-b67a-5977ed69b864', '2025-01-22', '2025-04-21', '2025-04-24', '2025-04-21', NULL, 'RESERVED_CONFIRMED');
INSERT INTO borrow_records (id, item_id, borrowed_by, reservation_date, start_date, end_date, pickup_date, effective_return_date, status) VALUES ('62a98b7b-f3a5-4ded-80b4-2c487495b702', '15327edf-7372-4b4d-ac98-f5a7036d882d', 'b5d13fc6-d9a4-4459-adf6-e77a8d220e95', '2024-07-07', '2024-07-13', '2024-07-14', '2024-07-13', '2024-07-14', 'RETURNED_ON_TIME');
INSERT INTO borrow_records (id, item_id, borrowed_by, reservation_date, start_date, end_date, pickup_date, effective_return_date, status) VALUES ('1e86fcf5-c59c-4718-b92b-d29bee7114ae', '15327edf-7372-4b4d-ac98-f5a7036d882d', 'b5d13fc6-d9a4-4459-adf6-e77a8d220e95', '2024-05-17', '2024-05-28', '2024-06-04', '2024-05-28', '2024-06-05', 'RETURNED_LATE');
INSERT INTO borrow_records (id, item_id, borrowed_by, reservation_date, start_date, end_date, pickup_date, effective_return_date, status) VALUES ('8d0ea957-01aa-4233-b842-c905e31b68a4', '15327edf-7372-4b4d-ac98-f5a7036d882d', 'b5d13fc6-d9a4-4459-adf6-e77a8d220e95', '2024-01-15', '2024-01-17', '2024-01-24', '2024-01-17', '2024-01-24', 'RETURNED_ON_TIME');
INSERT INTO borrow_records (id, item_id, borrowed_by, reservation_date, start_date, end_date, pickup_date, effective_return_date, status) VALUES ('0101682d-f338-4c07-9e64-66d4dc556165', '15327edf-7372-4b4d-ac98-f5a7036d882d', 'b5d13fc6-d9a4-4459-adf6-e77a8d220e95', '2024-12-03', '2024-12-06', '2024-12-13', '2024-12-04', '2024-12-12', 'RETURNED_EARLY');
INSERT INTO borrow_records (id, item_id, borrowed_by, reservation_date, start_date, end_date, pickup_date, effective_return_date, status) VALUES ('86ffb344-a500-4cb3-a3c7-679c18cce26a', '15327edf-7372-4b4d-ac98-f5a7036d882d', '29e18a18-b129-4bb5-9008-16266318cf8f', '2024-08-26', '2024-09-20', '2024-09-24', '2024-09-20', '2024-09-25', 'RETURNED_LATE');
INSERT INTO items (id, name, description, short_description, image_url, located, created_at, borrow_count, favorite, owner, library_id, category_id, community_id) VALUES ('bda8f92c-c2d4-4fda-9dd0-bc1de35d297a', 'Handcrafted Metal Gloves', 'La technologie de pointe de Bacon d''Hirthe, Hilpert et Kreiger améliore les capacités émotionnelles.  Résumé : La technologie de pointe de Bacon améliore les capacités émotionnelles.', 'La technologie de pointe de Bacon améliore les capacités émotionnelles.', '/items/24.jpg', 'ShareSpace', '2024-12-29T20:51:37.308Z', 16, True, 'TheOpenShelf', 'b8a5a7d5-663f-4984-ae5c-2705f9e0b494', '36bce973-d075-45ea-945d-32469a616178', '76c49237-730e-445d-900d-c59ea2ca0d13');
INSERT INTO borrow_records (id, item_id, borrowed_by, reservation_date, start_date, end_date, pickup_date, effective_return_date, status) VALUES ('97f36a04-c64f-4e8f-ad2a-0121a6d9c4b1', 'bda8f92c-c2d4-4fda-9dd0-bc1de35d297a', 'b5d13fc6-d9a4-4459-adf6-e77a8d220e95', '2024-10-08', '2024-11-03', '2024-11-04', '2024-11-03', '2024-11-05', 'RETURNED_LATE');
INSERT INTO items (id, name, description, short_description, image_url, located, created_at, borrow_count, favorite, owner, library_id, category_id, community_id) VALUES ('b8857877-a60d-4dd6-aa16-42cb6796ab56', 'Practical Concrete Towels', 'Notre vélo inspiré par la fraîcheur apporte une touche de luxe à votre style de vie qualifié. Résumé : Vélo de luxe pour un style de vie qualifié.', 'Vélo de luxe pour un style de vie qualifié.', '/items/25.jpg', 'ShareSpace', '2024-12-29T20:51:37.189Z', 0, True, 'TheOpenShelf', 'b8a5a7d5-663f-4984-ae5c-2705f9e0b494', '11c46716-533b-4b58-9f4e-9aca7fcbca7f', '76c49237-730e-445d-900d-c59ea2ca0d13');
INSERT INTO borrow_records (id, item_id, borrowed_by, reservation_date, start_date, end_date, pickup_date, effective_return_date, status) VALUES ('7fc83ebf-ba71-4477-b489-6b522b386a9b', 'b8857877-a60d-4dd6-aa16-42cb6796ab56', '072bae74-494f-4aff-9ab5-77968851a059', '2024-01-06', '2024-01-24', '2024-01-31', '2024-01-25', '2024-01-31', 'RETURNED_ON_TIME');
INSERT INTO borrow_records (id, item_id, borrowed_by, reservation_date, start_date, end_date, pickup_date, effective_return_date, status) VALUES ('70f64a60-38e9-4914-9b90-4e24a09edca6', 'b8857877-a60d-4dd6-aa16-42cb6796ab56', '072bae74-494f-4aff-9ab5-77968851a059', '2025-01-14', '2025-06-10', '2025-06-16', '2025-06-09', NULL, 'RESERVED_CONFIRMED');
INSERT INTO borrow_records (id, item_id, borrowed_by, reservation_date, start_date, end_date, pickup_date, effective_return_date, status) VALUES ('14603134-f9ac-4e0b-a2ed-87ea58d50eb3', 'b8857877-a60d-4dd6-aa16-42cb6796ab56', 'b5d13fc6-d9a4-4459-adf6-e77a8d220e95', '2024-08-23', '2024-09-17', '2024-09-19', '2024-09-17', '2024-09-19', 'RETURNED_ON_TIME');
INSERT INTO borrow_records (id, item_id, borrowed_by, reservation_date, start_date, end_date, pickup_date, effective_return_date, status) VALUES ('4cbfc4f0-cd93-4512-8c8d-7c222766be14', 'b8857877-a60d-4dd6-aa16-42cb6796ab56', 'b5d13fc6-d9a4-4459-adf6-e77a8d220e95', '2025-01-20', '2025-08-18', '2025-08-22', '2025-08-18', NULL, 'RESERVED_CONFIRMED');
INSERT INTO borrow_records (id, item_id, borrowed_by, reservation_date, start_date, end_date, pickup_date, effective_return_date, status) VALUES ('7f2a2c56-00fb-4c93-be72-79f8570c6049', 'b8857877-a60d-4dd6-aa16-42cb6796ab56', '072bae74-494f-4aff-9ab5-77968851a059', '2025-01-14', '2025-03-25', '2025-03-30', '2025-03-23', NULL, 'RESERVED_CONFIRMED');
INSERT INTO borrow_records (id, item_id, borrowed_by, reservation_date, start_date, end_date, pickup_date, effective_return_date, status) VALUES ('a1773681-767f-4e7b-97ae-be98feeeb738', 'b8857877-a60d-4dd6-aa16-42cb6796ab56', '10ef0370-94e8-4eaf-b1d0-f5fb72c78da3', '2025-01-18', '2025-11-09', '2025-11-11', '2025-11-09', NULL, 'RESERVED_CONFIRMED');
INSERT INTO borrow_records (id, item_id, borrowed_by, reservation_date, start_date, end_date, pickup_date, effective_return_date, status) VALUES ('c298c790-abaf-4634-bd3d-8d8dd5b579cb', 'b8857877-a60d-4dd6-aa16-42cb6796ab56', 'b5d13fc6-d9a4-4459-adf6-e77a8d220e95', '2025-01-15', '2025-01-28', '2025-02-01', '2025-01-28', NULL, 'BORROWED_LATE');
INSERT INTO borrow_records (id, item_id, borrowed_by, reservation_date, start_date, end_date, pickup_date, effective_return_date, status) VALUES ('a849d711-596b-47c8-9bf5-a7ead83beedc', 'b8857877-a60d-4dd6-aa16-42cb6796ab56', 'b5d13fc6-d9a4-4459-adf6-e77a8d220e95', '2024-03-30', '2024-04-18', '2024-04-20', '2024-04-18', '2024-04-21', 'RETURNED_LATE');
INSERT INTO borrow_records (id, item_id, borrowed_by, reservation_date, start_date, end_date, pickup_date, effective_return_date, status) VALUES ('fd2eec26-a529-45cb-8e32-2a6be01c199e', 'b8857877-a60d-4dd6-aa16-42cb6796ab56', '072bae74-494f-4aff-9ab5-77968851a059', '2025-01-23', '2025-02-27', '2025-03-02', '2025-02-25', NULL, 'RESERVED_CONFIRMED');
INSERT INTO items (id, name, description, short_description, image_url, located, created_at, borrow_count, favorite, owner, library_id, category_id, community_id) VALUES ('74ab8163-d4cd-458b-b509-f1662a4dc389', 'Bikini', 'Nouveau modèle Bacon avec 88 Go de RAM, 775 Go de stockage et fonctionnalités animées.  Résumé : Nouveau modèle Bacon avec 88 Go de RAM et 775 Go de stockage, incluant des fonctionnalités animées.', 'Nouveau modèle Bacon avec 88 Go de RAM et 775 Go de stockage, incluant des fonctionnalités animées.', '/items/26.jpg', 'ShareSpace', '2024-12-29T20:51:37.186Z', 1, False, 'TheOpenShelf', 'b8a5a7d5-663f-4984-ae5c-2705f9e0b494', '533d8c7f-a57c-4320-8f50-0f91d6eb5bf7', '76c49237-730e-445d-900d-c59ea2ca0d13');
INSERT INTO borrow_records (id, item_id, borrowed_by, reservation_date, start_date, end_date, pickup_date, effective_return_date, status) VALUES ('19b73591-ffdc-48b1-bad8-f37db6564b03', '74ab8163-d4cd-458b-b509-f1662a4dc389', '0af3d6dd-7020-4acd-9884-cc8f458ede68', '2024-04-17', '2024-04-23', '2024-04-28', '2024-04-22', '2024-04-29', 'RETURNED_LATE');
INSERT INTO borrow_records (id, item_id, borrowed_by, reservation_date, start_date, end_date, pickup_date, effective_return_date, status) VALUES ('c86060c9-dfe0-43d3-8315-4ac36de0c6ed', '74ab8163-d4cd-458b-b509-f1662a4dc389', 'b5d13fc6-d9a4-4459-adf6-e77a8d220e95', '2025-01-14', '2025-11-23', '2025-11-25', '2025-11-23', NULL, 'RESERVED_CONFIRMED');
INSERT INTO borrow_records (id, item_id, borrowed_by, reservation_date, start_date, end_date, pickup_date, effective_return_date, status) VALUES ('7144644d-ba73-432d-b2fb-91911bcb8577', '74ab8163-d4cd-458b-b509-f1662a4dc389', 'b5d13fc6-d9a4-4459-adf6-e77a8d220e95', '2024-11-14', '2024-12-10', '2024-12-14', '2024-12-10', '2024-12-14', 'RETURNED_ON_TIME');
INSERT INTO borrow_records (id, item_id, borrowed_by, reservation_date, start_date, end_date, pickup_date, effective_return_date, status) VALUES ('008c82e1-db57-48fc-9a8e-aabffe4860df', '74ab8163-d4cd-458b-b509-f1662a4dc389', '75933925-2d69-48c8-9254-aaef1324bb6a', '2025-01-11', '2025-06-19', '2025-06-26', '2025-06-19', NULL, 'RESERVED_CONFIRMED');
INSERT INTO items (id, name, description, short_description, image_url, located, created_at, borrow_count, favorite, owner, library_id, category_id, community_id) VALUES ('f79f68f6-b221-40c0-9db1-338bf4dd6513', 'Handmade Steel Chicken', 'Notre souris adaptée aux girafes assure le confort physique de vos animaux.  Résumé : Souris adaptée aux girafes pour le confort des animaux.', 'Souris adaptée aux girafes pour le confort des animaux.', '/items/27.jpg', 'ShareSpace', '2024-12-29T20:51:37.214Z', 7, False, 'TheOpenShelf', 'b8a5a7d5-663f-4984-ae5c-2705f9e0b494', '58fc8ed7-d6b1-4350-9424-d348d9787ca2', '76c49237-730e-445d-900d-c59ea2ca0d13');
INSERT INTO borrow_records (id, item_id, borrowed_by, reservation_date, start_date, end_date, pickup_date, effective_return_date, status) VALUES ('4779dc73-7fdc-4dea-9142-7ffc8c89d247', 'f79f68f6-b221-40c0-9db1-338bf4dd6513', 'b5d13fc6-d9a4-4459-adf6-e77a8d220e95', '2025-01-15', '2025-11-15', '2025-11-19', '2025-11-15', NULL, 'RESERVED_CONFIRMED');
INSERT INTO borrow_records (id, item_id, borrowed_by, reservation_date, start_date, end_date, pickup_date, effective_return_date, status) VALUES ('c5e7618c-178e-46d9-902c-6d1d973a00c1', 'f79f68f6-b221-40c0-9db1-338bf4dd6513', 'b5d13fc6-d9a4-4459-adf6-e77a8d220e95', '2025-01-17', '2025-08-21', '2025-08-26', '2025-08-21', NULL, 'RESERVED_CONFIRMED');
INSERT INTO items (id, name, description, short_description, image_url, located, created_at, borrow_count, favorite, owner, library_id, category_id, community_id) VALUES ('63d51963-40bb-4c74-a478-c152d45082f6', 'Recycled Plastic Soap', 'Découvrez l''agilité semblable à celle des abeilles de notre souris, parfaite pour les utilisateurs ordinaires.  Résumé : Souris agile pour utilisateurs normaux.', 'Souris agile pour utilisateurs normaux.', '/items/28.jpg', 'ShareSpace', '2024-12-29T20:51:37.447Z', 19, False, 'TheOpenShelf', 'b8a5a7d5-663f-4984-ae5c-2705f9e0b494', '26881818-4616-40ea-bcec-d2fc6ecf6fce', '76c49237-730e-445d-900d-c59ea2ca0d13');
INSERT INTO borrow_records (id, item_id, borrowed_by, reservation_date, start_date, end_date, pickup_date, effective_return_date, status) VALUES ('b782427f-6076-417f-8b49-1c687f9461d6', '63d51963-40bb-4c74-a478-c152d45082f6', '0af3d6dd-7020-4acd-9884-cc8f458ede68', '2024-04-13', '2024-05-02', '2024-05-05', '2024-05-02', '2024-05-04', 'RETURNED_EARLY');
INSERT INTO borrow_records (id, item_id, borrowed_by, reservation_date, start_date, end_date, pickup_date, effective_return_date, status) VALUES ('a92d76e1-dcd8-48ac-8596-469a2cc7e3aa', '63d51963-40bb-4c74-a478-c152d45082f6', 'b5d13fc6-d9a4-4459-adf6-e77a8d220e95', '2025-01-21', '2025-04-27', '2025-04-28', '2025-04-26', NULL, 'RESERVED_CONFIRMED');
INSERT INTO borrow_records (id, item_id, borrowed_by, reservation_date, start_date, end_date, pickup_date, effective_return_date, status) VALUES ('00170efa-0fea-4ccd-abef-20fd684778ba', '63d51963-40bb-4c74-a478-c152d45082f6', 'b5d13fc6-d9a4-4459-adf6-e77a8d220e95', '2025-01-21', '2025-12-27', '2026-01-01', '2025-12-27', NULL, 'RESERVED_CONFIRMED');
INSERT INTO items (id, name, description, short_description, image_url, located, created_at, borrow_count, favorite, owner, library_id, category_id, community_id) VALUES ('6425e9f4-8bf1-45aa-a3f5-cf088d927377', 'Intelligent Bronze Keyboard', 'La pizza Marguerite est le dernier produit sérieux de la série de Howe - Hermann. Résumé : Pizza Marguerite, nouveau produit de Howe - Hermann.', 'Pizza Marguerite, nouveau produit de Howe - Hermann.', '/items/29.jpg', 'ShareSpace', '2024-12-29T20:51:37.631Z', 6, True, 'TheOpenShelf', 'b8a5a7d5-663f-4984-ae5c-2705f9e0b494', 'b0d030e0-ce4e-4c8e-b7df-b14279c2c13b', '76c49237-730e-445d-900d-c59ea2ca0d13');
INSERT INTO borrow_records (id, item_id, borrowed_by, reservation_date, start_date, end_date, pickup_date, effective_return_date, status) VALUES ('bf77e7d3-75d0-4c70-a11f-b8c1b8d9e19c', '6425e9f4-8bf1-45aa-a3f5-cf088d927377', '072bae74-494f-4aff-9ab5-77968851a059', '2025-01-21', '2025-02-17', '2025-02-20', '2025-02-17', NULL, 'RESERVED_CONFIRMED');
INSERT INTO borrow_records (id, item_id, borrowed_by, reservation_date, start_date, end_date, pickup_date, effective_return_date, status) VALUES ('1158e8c9-1812-4f0c-806f-9311cb0ba4f8', '6425e9f4-8bf1-45aa-a3f5-cf088d927377', '072bae74-494f-4aff-9ab5-77968851a059', '2025-01-09', '2025-06-12', '2025-06-17', '2025-06-12', NULL, 'RESERVED_CONFIRMED');
INSERT INTO borrow_records (id, item_id, borrowed_by, reservation_date, start_date, end_date, pickup_date, effective_return_date, status) VALUES ('8ddfb555-29f2-4387-a313-2754dcf1907c', '6425e9f4-8bf1-45aa-a3f5-cf088d927377', '072bae74-494f-4aff-9ab5-77968851a059', '2025-01-08', '2025-10-27', '2025-11-01', '2025-10-25', NULL, 'RESERVED_CONFIRMED');
INSERT INTO items (id, name, description, short_description, image_url, located, created_at, borrow_count, favorite, owner, library_id, category_id, community_id) VALUES ('9943d6a3-23ca-4300-b00f-c191511d2cf0', 'Elegant Wooden Keyboard', 'Savon innovant avec une technologie élégante et une construction en acier.  Résumé : Savon innovant avec technologie élégante en acier.', 'Savon innovant avec technologie élégante en acier.', '/items/30.jpg', 'ShareSpace', '2024-12-29T20:51:37.274Z', 1, True, 'TheOpenShelf', 'b8a5a7d5-663f-4984-ae5c-2705f9e0b494', '8e1e8365-566c-4465-9d32-89a259007775', '76c49237-730e-445d-900d-c59ea2ca0d13');
INSERT INTO borrow_records (id, item_id, borrowed_by, reservation_date, start_date, end_date, pickup_date, effective_return_date, status) VALUES ('c753ca9e-63d2-44f6-bece-d00f24a73ed5', '9943d6a3-23ca-4300-b00f-c191511d2cf0', '072bae74-494f-4aff-9ab5-77968851a059', '2023-12-25', '2024-01-09', '2024-01-11', '2024-01-09', '2024-01-11', 'RETURNED_ON_TIME');
INSERT INTO borrow_records (id, item_id, borrowed_by, reservation_date, start_date, end_date, pickup_date, effective_return_date, status) VALUES ('3682b854-7af7-452d-8afb-99d617be3f2c', '9943d6a3-23ca-4300-b00f-c191511d2cf0', 'dd5b5b29-3176-4a9f-bef5-4dc62e6fad1e', '2024-12-25', '2025-01-06', '2025-01-13', '2025-01-07', '2025-01-14', 'RETURNED_LATE');
INSERT INTO borrow_records (id, item_id, borrowed_by, reservation_date, start_date, end_date, pickup_date, effective_return_date, status) VALUES ('eb0348d2-4318-48f2-ae69-c8948cc1bbeb', '9943d6a3-23ca-4300-b00f-c191511d2cf0', '072bae74-494f-4aff-9ab5-77968851a059', '2025-01-21', '2025-05-18', '2025-05-25', '2025-05-18', NULL, 'RESERVED_CONFIRMED');
INSERT INTO borrow_records (id, item_id, borrowed_by, reservation_date, start_date, end_date, pickup_date, effective_return_date, status) VALUES ('a15dbf26-504a-4978-b0b3-a722208ca659', '9943d6a3-23ca-4300-b00f-c191511d2cf0', 'd1d0de66-aad8-47c3-b67a-5977ed69b864', '2024-12-08', '2024-12-13', '2024-12-15', '2024-12-13', '2024-12-16', 'RETURNED_LATE');
INSERT INTO borrow_records (id, item_id, borrowed_by, reservation_date, start_date, end_date, pickup_date, effective_return_date, status) VALUES ('0b878804-5fda-42ad-9904-0b5d23a7f91c', '9943d6a3-23ca-4300-b00f-c191511d2cf0', '75933925-2d69-48c8-9254-aaef1324bb6a', '2024-06-03', '2024-06-22', '2024-06-24', '2024-06-22', '2024-06-25', 'RETURNED_LATE');
INSERT INTO borrow_records (id, item_id, borrowed_by, reservation_date, start_date, end_date, pickup_date, effective_return_date, status) VALUES ('8bbaf1ca-0b07-44f2-af33-f8af5e3d77ff', '9943d6a3-23ca-4300-b00f-c191511d2cf0', 'b5d13fc6-d9a4-4459-adf6-e77a8d220e95', '2025-01-23', '2025-02-12', '2025-02-14', '2025-02-10', NULL, 'BORROWED_ACTIVE');
INSERT INTO borrow_records (id, item_id, borrowed_by, reservation_date, start_date, end_date, pickup_date, effective_return_date, status) VALUES ('3ef791f3-860c-4e1d-ac70-174c22139a88', '9943d6a3-23ca-4300-b00f-c191511d2cf0', 'b5d13fc6-d9a4-4459-adf6-e77a8d220e95', '2024-08-20', '2024-09-11', '2024-09-16', '2024-09-11', '2024-09-16', 'RETURNED_ON_TIME');
INSERT INTO items (id, name, description, short_description, image_url, located, created_at, borrow_count, favorite, owner, library_id, category_id, community_id) VALUES ('95be6a06-66a3-46c1-af95-f93d8cb43623', 'Oriental Plastic Hat', 'Nos gants inspirés de fraîcheur apportent une touche de luxe à votre style de vie aigre.  Résumé : Des gants de luxe pour une vie rafraîchissante.', 'Des gants de luxe pour une vie rafraîchissante.', '/items/31.jpg', 'ShareSpace', '2024-12-29T20:51:37.259Z', 11, False, 'TheOpenShelf', 'b8a5a7d5-663f-4984-ae5c-2705f9e0b494', '6c1a1373-e615-4838-b277-9fcd23ddfaa4', '76c49237-730e-445d-900d-c59ea2ca0d13');
INSERT INTO borrow_records (id, item_id, borrowed_by, reservation_date, start_date, end_date, pickup_date, effective_return_date, status) VALUES ('6cae4110-6f1f-4fdc-babc-77bacddeb0ba', '95be6a06-66a3-46c1-af95-f93d8cb43623', 'b5d13fc6-d9a4-4459-adf6-e77a8d220e95', '2024-03-17', '2024-03-23', '2024-03-24', '2024-03-23', '2024-03-24', 'RETURNED_ON_TIME');
INSERT INTO borrow_records (id, item_id, borrowed_by, reservation_date, start_date, end_date, pickup_date, effective_return_date, status) VALUES ('3bd46f24-2c46-4a90-bd9c-f747737298f6', '95be6a06-66a3-46c1-af95-f93d8cb43623', 'b5d13fc6-d9a4-4459-adf6-e77a8d220e95', '2025-01-23', '2025-07-18', '2025-07-24', '2025-07-17', NULL, 'RESERVED_CONFIRMED');
INSERT INTO borrow_records (id, item_id, borrowed_by, reservation_date, start_date, end_date, pickup_date, effective_return_date, status) VALUES ('df1ee7c3-a0b0-4643-a96f-c3e3baa8ac7d', '95be6a06-66a3-46c1-af95-f93d8cb43623', 'b5d13fc6-d9a4-4459-adf6-e77a8d220e95', '2025-01-11', '2025-03-12', '2025-03-13', '2025-03-11', NULL, 'RESERVED_CONFIRMED');
INSERT INTO items (id, name, description, short_description, image_url, located, created_at, borrow_count, favorite, owner, library_id, category_id, community_id) VALUES ('96d8ffe3-3402-45ce-9918-c8356040df44', 'Handmade Wooden Keyboard', 'Découvrez la nouvelle chaise sombre avec un mélange excitant d''ingrédients en plastique.  Résumé : Nouvelle chaise sombre avec mélange plastique excitant.', 'Nouvelle chaise sombre avec mélange plastique excitant.', '/items/32.jpg', 'ShareSpace', '2024-12-29T20:51:37.189Z', 12, True, 'TheOpenShelf', 'b8a5a7d5-663f-4984-ae5c-2705f9e0b494', '58fc8ed7-d6b1-4350-9424-d348d9787ca2', '76c49237-730e-445d-900d-c59ea2ca0d13');
INSERT INTO borrow_records (id, item_id, borrowed_by, reservation_date, start_date, end_date, pickup_date, effective_return_date, status) VALUES ('3382bd20-1c51-430f-a88b-3619f12ce378', '96d8ffe3-3402-45ce-9918-c8356040df44', 'b5d13fc6-d9a4-4459-adf6-e77a8d220e95', '2024-11-20', '2024-12-03', '2024-12-10', '2024-12-03', '2024-12-10', 'RETURNED_ON_TIME');
INSERT INTO borrow_records (id, item_id, borrowed_by, reservation_date, start_date, end_date, pickup_date, effective_return_date, status) VALUES ('3ca07a47-fe41-4687-8d23-85d1cbade31d', '96d8ffe3-3402-45ce-9918-c8356040df44', '29e18a18-b129-4bb5-9008-16266318cf8f', '2024-11-13', '2024-11-23', '2024-11-29', '2024-11-24', '2024-11-29', 'RETURNED_ON_TIME');
INSERT INTO borrow_records (id, item_id, borrowed_by, reservation_date, start_date, end_date, pickup_date, effective_return_date, status) VALUES ('1c5a0ea7-50aa-4301-9280-13573aa7de87', '96d8ffe3-3402-45ce-9918-c8356040df44', '072bae74-494f-4aff-9ab5-77968851a059', '2024-06-10', '2024-06-15', '2024-06-16', '2024-06-16', '2024-06-16', 'RETURNED_ON_TIME');
INSERT INTO items (id, name, description, short_description, image_url, located, created_at, borrow_count, favorite, owner, library_id, category_id, community_id) VALUES ('4fd2140e-b2cf-4391-963d-4d5854b6fd95', 'Swimsuit', 'Découvrez l''agilité semblable à celle de la girafe de notre souris, parfaite pour les utilisateurs de menthe.  Résumé : Souris agile pour utilisateurs de menthe.', 'Souris agile pour utilisateurs de menthe.', '/items/33.jpg', 'ShareSpace', '2024-12-29T20:51:37.283Z', 1, False, 'TheOpenShelf', 'b8a5a7d5-663f-4984-ae5c-2705f9e0b494', '533d8c7f-a57c-4320-8f50-0f91d6eb5bf7', '76c49237-730e-445d-900d-c59ea2ca0d13');
INSERT INTO borrow_records (id, item_id, borrowed_by, reservation_date, start_date, end_date, pickup_date, effective_return_date, status) VALUES ('84f78094-e009-4507-83aa-5ac5e61b549f', '4fd2140e-b2cf-4391-963d-4d5854b6fd95', '0af3d6dd-7020-4acd-9884-cc8f458ede68', '2025-01-11', '2025-03-23', '2025-03-27', '2025-03-21', NULL, 'RESERVED_CONFIRMED');
INSERT INTO items (id, name, description, short_description, image_url, located, created_at, borrow_count, favorite, owner, library_id, category_id, community_id) VALUES ('733a6d8d-a6ba-461d-af43-d8e9c8d8c44c', 'Incredible Plastic Sausages', 'Nos serviettes inspirées par l''humidité apportent une touche de luxe à votre style de vie indépendant.  Résumé : Des serviettes luxueuses pour un mode de vie indépendant.', 'Des serviettes luxueuses pour un mode de vie indépendant.', '/items/34.jpg', 'ShareSpace', '2024-12-29T20:51:37.222Z', 13, True, 'TheOpenShelf', 'b8a5a7d5-663f-4984-ae5c-2705f9e0b494', '11c46716-533b-4b58-9f4e-9aca7fcbca7f', '76c49237-730e-445d-900d-c59ea2ca0d13');
INSERT INTO borrow_records (id, item_id, borrowed_by, reservation_date, start_date, end_date, pickup_date, effective_return_date, status) VALUES ('311952e8-c5f0-40aa-b0fa-a0e17d99a762', '733a6d8d-a6ba-461d-af43-d8e9c8d8c44c', '0af3d6dd-7020-4acd-9884-cc8f458ede68', '2024-11-25', '2024-12-22', '2024-12-29', '2024-12-23', '2024-12-29', 'RETURNED_ON_TIME');
INSERT INTO borrow_records (id, item_id, borrowed_by, reservation_date, start_date, end_date, pickup_date, effective_return_date, status) VALUES ('e99ab882-ee79-4c52-a27a-8583e2b7fcd7', '733a6d8d-a6ba-461d-af43-d8e9c8d8c44c', 'd1d0de66-aad8-47c3-b67a-5977ed69b864', '2024-02-01', '2024-02-12', '2024-02-15', '2024-02-12', '2024-02-14', 'RETURNED_EARLY');
INSERT INTO borrow_records (id, item_id, borrowed_by, reservation_date, start_date, end_date, pickup_date, effective_return_date, status) VALUES ('85e435ac-12a6-4d2d-8cae-b284552785a8', '733a6d8d-a6ba-461d-af43-d8e9c8d8c44c', 'd1d0de66-aad8-47c3-b67a-5977ed69b864', '2024-12-01', '2024-12-03', '2024-12-05', '2024-12-03', '2024-12-04', 'RETURNED_EARLY');
INSERT INTO borrow_records (id, item_id, borrowed_by, reservation_date, start_date, end_date, pickup_date, effective_return_date, status) VALUES ('ed678fff-dc8d-4c7b-bc58-6ac46b2c2812', '733a6d8d-a6ba-461d-af43-d8e9c8d8c44c', 'b5d13fc6-d9a4-4459-adf6-e77a8d220e95', '2025-01-01', '2025-02-01', '2025-12-25', NULL, NULL, 'RESERVED_READY_TO_PICKUP');
INSERT INTO items (id, name, description, short_description, image_url, located, created_at, borrow_count, favorite, owner, library_id, category_id, community_id) VALUES ('344bb740-e219-4950-8369-798c6a3c0e35', 'Licensed Concrete Sausages', 'Nouveaux serviettes turquoise avec un design ergonomique pour le confort masculin. Résumé : Serviettes turquoise ergonomiques pour hommes.', 'Serviettes turquoise ergonomiques pour hommes.', '/items/35.jpg', 'ShareSpace', '2024-12-29T20:51:37.308Z', 10, True, 'TheOpenShelf', 'b8a5a7d5-663f-4984-ae5c-2705f9e0b494', '8e1e8365-566c-4465-9d32-89a259007775', '76c49237-730e-445d-900d-c59ea2ca0d13');
INSERT INTO borrow_records (id, item_id, borrowed_by, reservation_date, start_date, end_date, pickup_date, effective_return_date, status) VALUES ('9d47431e-d2ef-4041-b382-3fbd96b0a973', '344bb740-e219-4950-8369-798c6a3c0e35', 'd1d0de66-aad8-47c3-b67a-5977ed69b864', '2024-03-08', '2024-03-11', '2024-03-18', '2024-03-09', '2024-03-17', 'RETURNED_EARLY');
INSERT INTO borrow_records (id, item_id, borrowed_by, reservation_date, start_date, end_date, pickup_date, effective_return_date, status) VALUES ('e60b46a4-5aa4-4a0e-87cb-1eeb9bb54b5b', '344bb740-e219-4950-8369-798c6a3c0e35', 'b5d13fc6-d9a4-4459-adf6-e77a8d220e95', '2025-01-20', '2025-06-13', '2025-06-15', '2025-06-13', NULL, 'RESERVED_CONFIRMED');
INSERT INTO borrow_records (id, item_id, borrowed_by, reservation_date, start_date, end_date, pickup_date, effective_return_date, status) VALUES ('056bd9c4-4f53-4054-a73b-9705518d8cdd', '344bb740-e219-4950-8369-798c6a3c0e35', '072bae74-494f-4aff-9ab5-77968851a059', '2025-01-01', '2025-01-12', '2025-01-15', '2025-01-12', '2025-01-15', 'RETURNED_ON_TIME');
INSERT INTO borrow_records (id, item_id, borrowed_by, reservation_date, start_date, end_date, pickup_date, effective_return_date, status) VALUES ('611d26a5-efdb-4fad-ac29-1c0a19341ccb', '344bb740-e219-4950-8369-798c6a3c0e35', 'b5d13fc6-d9a4-4459-adf6-e77a8d220e95', '2024-10-13', '2024-11-08', '2024-11-12', '2024-11-09', '2024-11-12', 'RETURNED_ON_TIME');
INSERT INTO borrow_records (id, item_id, borrowed_by, reservation_date, start_date, end_date, pickup_date, effective_return_date, status) VALUES ('095ee5b0-eda0-47ab-88be-256af05223fb', '344bb740-e219-4950-8369-798c6a3c0e35', 'b5d13fc6-d9a4-4459-adf6-e77a8d220e95', '2025-01-08', '2025-04-30', '2025-05-06', '2025-04-30', NULL, 'RESERVED_CONFIRMED');
INSERT INTO items (id, name, description, short_description, image_url, located, created_at, borrow_count, favorite, owner, library_id, category_id, community_id) VALUES ('a53be31a-70b4-43af-91d5-b6f507f5552d', 'Tasty Granite Towels', 'Avec sa technologie améliorée au potassium, nos gants offrent des performances de pointe inégalées. Résumé : Gants performants grâce à la technologie potassium.', 'Gants performants grâce à la technologie potassium.', '/items/36.jpg', 'ShareSpace', '2024-12-29T20:51:37.300Z', 14, True, 'TheOpenShelf', 'b8a5a7d5-663f-4984-ae5c-2705f9e0b494', '36bce973-d075-45ea-945d-32469a616178', '76c49237-730e-445d-900d-c59ea2ca0d13');
INSERT INTO borrow_records (id, item_id, borrowed_by, reservation_date, start_date, end_date, pickup_date, effective_return_date, status) VALUES ('b3e97fbe-c9c9-4a86-8daa-492813cf1020', 'a53be31a-70b4-43af-91d5-b6f507f5552d', 'b5d13fc6-d9a4-4459-adf6-e77a8d220e95', '2024-11-05', '2024-11-22', '2024-11-27', '2024-11-21', '2024-11-27', 'RETURNED_ON_TIME');
INSERT INTO borrow_records (id, item_id, borrowed_by, reservation_date, start_date, end_date, pickup_date, effective_return_date, status) VALUES ('046e509d-5ea2-40f8-b4f3-f4d976770dc2', 'a53be31a-70b4-43af-91d5-b6f507f5552d', '08098122-8fa3-4c22-97b8-f151bd138ade', '2025-01-17', '2025-12-09', '2025-12-14', '2025-12-09', NULL, 'RESERVED_CONFIRMED');
INSERT INTO borrow_records (id, item_id, borrowed_by, reservation_date, start_date, end_date, pickup_date, effective_return_date, status) VALUES ('fde08af3-b635-4d4c-b589-cb5f75298302', 'a53be31a-70b4-43af-91d5-b6f507f5552d', 'b5d13fc6-d9a4-4459-adf6-e77a8d220e95', '2024-12-11', '2025-01-01', '2025-01-08', '2024-12-31', '2025-01-07', 'RETURNED_EARLY');
INSERT INTO borrow_records (id, item_id, borrowed_by, reservation_date, start_date, end_date, pickup_date, effective_return_date, status) VALUES ('ab653621-ddbb-4da3-a7cf-49c95d79a5e9', 'a53be31a-70b4-43af-91d5-b6f507f5552d', 'd1d0de66-aad8-47c3-b67a-5977ed69b864', '2025-01-26', '2025-02-21', '2025-02-22', '2025-02-20', NULL, 'RESERVED_CONFIRMED');
INSERT INTO borrow_records (id, item_id, borrowed_by, reservation_date, start_date, end_date, pickup_date, effective_return_date, status) VALUES ('75e60ec6-a807-4a8a-b81a-4fade1ce2fd2', 'a53be31a-70b4-43af-91d5-b6f507f5552d', 'b5d13fc6-d9a4-4459-adf6-e77a8d220e95', '2025-01-11', '2025-06-26', '2025-06-30', '2025-06-24', NULL, 'RESERVED_CONFIRMED');
INSERT INTO borrow_records (id, item_id, borrowed_by, reservation_date, start_date, end_date, pickup_date, effective_return_date, status) VALUES ('99909fea-98ad-45bc-91cb-749db18d1bf5', 'a53be31a-70b4-43af-91d5-b6f507f5552d', '08098122-8fa3-4c22-97b8-f151bd138ade', '2024-08-23', '2024-09-01', '2024-09-04', '2024-08-30', '2024-09-05', 'RETURNED_LATE');
INSERT INTO borrow_records (id, item_id, borrowed_by, reservation_date, start_date, end_date, pickup_date, effective_return_date, status) VALUES ('0509fc74-3e2f-48f9-88ec-8bc9a2772ab7', 'a53be31a-70b4-43af-91d5-b6f507f5552d', 'b5d13fc6-d9a4-4459-adf6-e77a8d220e95', '2024-06-06', '2024-06-29', '2024-07-05', '2024-06-29', '2024-07-04', 'RETURNED_EARLY');
INSERT INTO borrow_records (id, item_id, borrowed_by, reservation_date, start_date, end_date, pickup_date, effective_return_date, status) VALUES ('40793090-302c-40e9-b802-7e2a73d72fe3', 'a53be31a-70b4-43af-91d5-b6f507f5552d', '29e18a18-b129-4bb5-9008-16266318cf8f', '2024-04-24', '2024-05-11', '2024-05-14', '2024-05-11', '2024-05-14', 'RETURNED_ON_TIME');
INSERT INTO borrow_records (id, item_id, borrowed_by, reservation_date, start_date, end_date, pickup_date, effective_return_date, status) VALUES ('80fa83f8-cb6c-497e-930d-5eecd4e86a11', 'a53be31a-70b4-43af-91d5-b6f507f5552d', 'b5d13fc6-d9a4-4459-adf6-e77a8d220e95', '2025-01-19', '2025-06-29', '2025-07-06', '2025-06-29', NULL, 'RESERVED_CONFIRMED');
INSERT INTO items (id, name, description, short_description, image_url, located, created_at, borrow_count, favorite, owner, library_id, category_id, community_id) VALUES ('43fecd3f-eb59-4bde-bb74-101a991ec757', 'Electronic Rubber Shoes', 'Découvrez l''agilité oiseau de notre Cheese, parfait pour éblouir les utilisateurs. Résumé : Découvrez l''agilité du Cheese, idéal pour impressionner.', 'Découvrez l''agilité du Cheese, idéal pour impressionner.', '/items/37.jpg', 'ShareSpace', '2024-12-29T20:51:37.188Z', 0, False, 'TheOpenShelf', 'b8a5a7d5-663f-4984-ae5c-2705f9e0b494', '8e1e8365-566c-4465-9d32-89a259007775', '76c49237-730e-445d-900d-c59ea2ca0d13');
INSERT INTO borrow_records (id, item_id, borrowed_by, reservation_date, start_date, end_date, pickup_date, effective_return_date, status) VALUES ('a62c7e4a-9928-4701-a75a-012a7575d012', '43fecd3f-eb59-4bde-bb74-101a991ec757', 'b5d13fc6-d9a4-4459-adf6-e77a8d220e95', '2025-01-15', '2025-08-19', '2025-08-22', '2025-08-17', NULL, 'RESERVED_CONFIRMED');
INSERT INTO borrow_records (id, item_id, borrowed_by, reservation_date, start_date, end_date, pickup_date, effective_return_date, status) VALUES ('e2ebda46-6cbc-47d2-be40-6a035f3cc013', '43fecd3f-eb59-4bde-bb74-101a991ec757', 'b5d13fc6-d9a4-4459-adf6-e77a8d220e95', '2025-01-18', '2025-04-09', '2025-04-10', '2025-04-08', NULL, 'RESERVED_CONFIRMED');
INSERT INTO items (id, name, description, short_description, image_url, located, created_at, borrow_count, favorite, owner, library_id, category_id, community_id) VALUES ('25a0dbb1-3da9-40f2-84f0-d0cd832f4c0e', 'Generic Bronze Shirt', 'Découvrez l''agilité semblable à celle d''une vache de notre fromage, parfait pour les utilisateurs fatigués.  Résumé : Fromage agile pour utilisateurs fatigués.', 'Fromage agile pour utilisateurs fatigués.', '/items/38.jpg', 'ShareSpace', '2024-12-29T20:51:37.168Z', 15, False, 'TheOpenShelf', 'b8a5a7d5-663f-4984-ae5c-2705f9e0b494', '58fc8ed7-d6b1-4350-9424-d348d9787ca2', '76c49237-730e-445d-900d-c59ea2ca0d13');
INSERT INTO borrow_records (id, item_id, borrowed_by, reservation_date, start_date, end_date, pickup_date, effective_return_date, status) VALUES ('afc5c98d-df78-4ecb-9508-203c6e320636', '25a0dbb1-3da9-40f2-84f0-d0cd832f4c0e', '1f8a2e17-1275-45fd-9fc0-06604605b610', '2024-12-21', '2025-01-05', '2025-01-09', '2025-01-05', '2025-01-09', 'RETURNED_ON_TIME');
INSERT INTO items (id, name, description, short_description, image_url, located, created_at, borrow_count, favorite, owner, library_id, category_id, community_id) VALUES ('77484233-ffc8-437e-a755-c664bc28f473', 'Incredible Fresh Chair', 'Le poulet intégré à contenu basé sur la prédiction offre des performances fiables et un design privé.  Résumé : Poulet de prédiction intégré à contenu offrant performances fiables et design privé.', 'Poulet de prédiction intégré à contenu offrant performances fiables et design privé.', '/items/39.jpg', 'ShareSpace', '2024-12-29T20:51:37.214Z', 5, False, 'TheOpenShelf', 'b8a5a7d5-663f-4984-ae5c-2705f9e0b494', '24a088c9-24ac-421d-99cc-d702a3386641', '76c49237-730e-445d-900d-c59ea2ca0d13');
INSERT INTO borrow_records (id, item_id, borrowed_by, reservation_date, start_date, end_date, pickup_date, effective_return_date, status) VALUES ('c8e80e2e-af20-4003-b2bd-4aafa4d04c2f', '77484233-ffc8-437e-a755-c664bc28f473', 'b5d13fc6-d9a4-4459-adf6-e77a8d220e95', '2024-04-19', '2024-05-08', '2024-05-14', '2024-05-09', '2024-05-15', 'RETURNED_LATE');
INSERT INTO items (id, name, description, short_description, image_url, located, created_at, borrow_count, favorite, owner, library_id, category_id, community_id) VALUES ('180a82a4-f9b4-434c-9a70-47064b52a45a', 'Licensed Frozen Gloves', 'Le Beulah Hat est le dernier produit dérivé de la série de Runolfsson, Runolfsson et Okuneva.  Résumé : Le Beulah Hat est le dernier produit dérivé de Runolfsson, Runolfsson et Okuneva.', 'Le Beulah Hat est le dernier produit dérivé de Runolfsson, Runolfsson et Okuneva.', '/items/40.jpg', 'ShareSpace', '2024-12-29T20:51:37.216Z', 1, True, 'TheOpenShelf', 'b8a5a7d5-663f-4984-ae5c-2705f9e0b494', '8e1e8365-566c-4465-9d32-89a259007775', '76c49237-730e-445d-900d-c59ea2ca0d13');
INSERT INTO borrow_records (id, item_id, borrowed_by, reservation_date, start_date, end_date, pickup_date, effective_return_date, status) VALUES ('f90a8acd-e825-4f83-a52f-b95c80e46c3c', '180a82a4-f9b4-434c-9a70-47064b52a45a', '072bae74-494f-4aff-9ab5-77968851a059', '2025-01-13', '2025-09-11', '2025-09-14', '2025-09-11', NULL, 'RESERVED_CONFIRMED');
INSERT INTO borrow_records (id, item_id, borrowed_by, reservation_date, start_date, end_date, pickup_date, effective_return_date, status) VALUES ('148c78d8-4224-4a7a-921f-3682c03304de', '180a82a4-f9b4-434c-9a70-47064b52a45a', '072bae74-494f-4aff-9ab5-77968851a059', '2025-01-23', '2025-03-19', '2025-03-23', '2025-03-19', NULL, 'RESERVED_CONFIRMED');
INSERT INTO borrow_records (id, item_id, borrowed_by, reservation_date, start_date, end_date, pickup_date, effective_return_date, status) VALUES ('acf87c15-5061-4820-bf69-c0ffa839d6c6', '180a82a4-f9b4-434c-9a70-47064b52a45a', 'b5d13fc6-d9a4-4459-adf6-e77a8d220e95', '2024-01-10', '2024-02-01', '2024-02-04', '2024-02-01', '2024-02-05', 'RETURNED_LATE');
INSERT INTO borrow_records (id, item_id, borrowed_by, reservation_date, start_date, end_date, pickup_date, effective_return_date, status) VALUES ('ab6859af-bcc4-4dbc-8083-9104060297c5', '180a82a4-f9b4-434c-9a70-47064b52a45a', 'b5d13fc6-d9a4-4459-adf6-e77a8d220e95', '2025-01-09', '2025-10-23', '2025-10-28', '2025-10-23', NULL, 'RESERVED_CONFIRMED');
INSERT INTO borrow_records (id, item_id, borrowed_by, reservation_date, start_date, end_date, pickup_date, effective_return_date, status) VALUES ('4e97506b-4315-4bfe-9036-cac02b67cd09', '180a82a4-f9b4-434c-9a70-47064b52a45a', '072bae74-494f-4aff-9ab5-77968851a059', '2024-07-03', '2024-07-22', '2024-07-27', '2024-07-20', '2024-07-27', 'RETURNED_ON_TIME');
INSERT INTO borrow_records (id, item_id, borrowed_by, reservation_date, start_date, end_date, pickup_date, effective_return_date, status) VALUES ('c3d25094-96e1-4967-8755-7f7011ceaa83', '180a82a4-f9b4-434c-9a70-47064b52a45a', '0af3d6dd-7020-4acd-9884-cc8f458ede68', '2024-06-23', '2024-07-05', '2024-07-12', '2024-07-05', '2024-07-13', 'RETURNED_LATE');
INSERT INTO borrow_records (id, item_id, borrowed_by, reservation_date, start_date, end_date, pickup_date, effective_return_date, status) VALUES ('c5f168b8-21c8-4c0f-a0a5-37e1eb8cfca3', '180a82a4-f9b4-434c-9a70-47064b52a45a', 'b5d13fc6-d9a4-4459-adf6-e77a8d220e95', '2025-01-11', '2025-12-09', '2025-12-15', '2025-12-07', NULL, 'RESERVED_CONFIRMED');
INSERT INTO borrow_records (id, item_id, borrowed_by, reservation_date, start_date, end_date, pickup_date, effective_return_date, status) VALUES ('d7eb39aa-698f-48df-a3d8-0d5f4a382aab', '180a82a4-f9b4-434c-9a70-47064b52a45a', '75933925-2d69-48c8-9254-aaef1324bb6a', '2024-05-07', '2024-06-01', '2024-06-07', '2024-06-01', '2024-06-06', 'RETURNED_EARLY');
INSERT INTO items (id, name, description, short_description, image_url, located, created_at, borrow_count, favorite, owner, library_id, category_id, community_id) VALUES ('6a772dc3-8ab7-4d8b-b656-f41b9d20c661', 'Oriental Concrete Chair', 'Découvrez l''éclat vert menthe de notre savon, parfait pour les environnements honteux.  Résumé : Savon vert menthe pour environnements honteux.', 'Savon vert menthe pour environnements honteux.', '/items/41.jpg', 'ShareSpace', '2024-12-29T20:51:37.214Z', 16, True, 'TheOpenShelf', 'b8a5a7d5-663f-4984-ae5c-2705f9e0b494', '9b054944-c456-4f26-be6c-553c103548e6', '76c49237-730e-445d-900d-c59ea2ca0d13');
INSERT INTO borrow_records (id, item_id, borrowed_by, reservation_date, start_date, end_date, pickup_date, effective_return_date, status) VALUES ('63cb3ba9-3f1f-49b8-be38-a780cd9a75a5', '6a772dc3-8ab7-4d8b-b656-f41b9d20c661', 'b5d13fc6-d9a4-4459-adf6-e77a8d220e95', '2025-01-21', '2025-11-30', '2025-12-06', '2025-11-30', NULL, 'RESERVED_CONFIRMED');
INSERT INTO items (id, name, description, short_description, image_url, located, created_at, borrow_count, favorite, owner, library_id, category_id, community_id) VALUES ('c19906c6-d8f5-4761-bf3a-f4d63b3727e3', 'The Art of War', 'La technologie de pointe en matière de chaussures du groupe Hackett améliore considérablement les capacités.  Résumé : La technologie de chaussures avancée de Hackett Group améliore les capacités.', 'La technologie de chaussures avancée de Hackett Group améliore les capacités.', '/items/42.jpg', 'ShareSpace', '2024-12-29T20:51:37.212Z', 7, True, 'TheOpenShelf', 'b8a5a7d5-663f-4984-ae5c-2705f9e0b494', '63348a2c-ac59-42bf-a60f-f942051ff8ed', '76c49237-730e-445d-900d-c59ea2ca0d13');
INSERT INTO borrow_records (id, item_id, borrowed_by, reservation_date, start_date, end_date, pickup_date, effective_return_date, status) VALUES ('1e7171d9-bdfd-4577-b45e-b63297b1cf44', 'c19906c6-d8f5-4761-bf3a-f4d63b3727e3', 'b5d13fc6-d9a4-4459-adf6-e77a8d220e95', '2025-01-13', '2025-08-31', '2025-09-07', '2025-08-29', NULL, 'RESERVED_CONFIRMED');
INSERT INTO borrow_records (id, item_id, borrowed_by, reservation_date, start_date, end_date, pickup_date, effective_return_date, status) VALUES ('b73635d6-62fe-4b0c-840a-320ee72ade11', 'c19906c6-d8f5-4761-bf3a-f4d63b3727e3', '0af3d6dd-7020-4acd-9884-cc8f458ede68', '2024-03-10', '2024-04-01', '2024-04-02', '2024-04-01', '2024-04-01', 'RETURNED_EARLY');
INSERT INTO borrow_records (id, item_id, borrowed_by, reservation_date, start_date, end_date, pickup_date, effective_return_date, status) VALUES ('09671457-2835-4f63-bbd1-dc867092ca45', 'c19906c6-d8f5-4761-bf3a-f4d63b3727e3', '1f8a2e17-1275-45fd-9fc0-06604605b610', '2024-12-28', '2025-01-27', '2025-01-29', '2025-01-27', NULL, 'BORROWED_LATE');
INSERT INTO borrow_records (id, item_id, borrowed_by, reservation_date, start_date, end_date, pickup_date, effective_return_date, status) VALUES ('8c4e88b4-2e48-4ca5-bc4a-940cfd1e70df', 'c19906c6-d8f5-4761-bf3a-f4d63b3727e3', 'b5d13fc6-d9a4-4459-adf6-e77a8d220e95', '2024-07-26', '2024-08-09', '2024-08-10', '2024-08-10', '2024-08-10', 'RETURNED_ON_TIME');
INSERT INTO borrow_records (id, item_id, borrowed_by, reservation_date, start_date, end_date, pickup_date, effective_return_date, status) VALUES ('315204df-3c87-4e89-9a67-2a42fe9eee78', 'c19906c6-d8f5-4761-bf3a-f4d63b3727e3', 'd1d0de66-aad8-47c3-b67a-5977ed69b864', '2024-09-17', '2024-09-23', '2024-09-30', '2024-09-22', '2024-10-01', 'RETURNED_LATE');
INSERT INTO items (id, name, description, short_description, image_url, located, created_at, borrow_count, favorite, owner, library_id, category_id, community_id) VALUES ('83b4b6aa-8dd7-469f-908d-5dafd9f79f50', 'Awesome Rubber Bike', 'Balle sous licence Frozen conçue pour des performances optimales.  Résumé : Balle Frozen pour performances maximales.', 'Balle Frozen pour performances maximales.', '/items/43.jpg', 'ShareSpace', '2024-12-29T20:51:37.196Z', 6, True, 'TheOpenShelf', 'b8a5a7d5-663f-4984-ae5c-2705f9e0b494', '9b054944-c456-4f26-be6c-553c103548e6', '76c49237-730e-445d-900d-c59ea2ca0d13');
INSERT INTO borrow_records (id, item_id, borrowed_by, reservation_date, start_date, end_date, pickup_date, effective_return_date, status) VALUES ('c7e29b58-70a4-43e8-91a9-1e8e5b4cdaab', '83b4b6aa-8dd7-469f-908d-5dafd9f79f50', '9239365a-7d91-4651-9d0d-d0a8048e9301', '2024-09-13', '2024-09-18', '2024-09-22', '2024-09-18', '2024-09-21', 'RETURNED_EARLY');
INSERT INTO borrow_records (id, item_id, borrowed_by, reservation_date, start_date, end_date, pickup_date, effective_return_date, status) VALUES ('8a7585ec-eb53-4899-baa9-5c0bbdda60ca', '83b4b6aa-8dd7-469f-908d-5dafd9f79f50', 'f0a62726-517a-4c6e-8b75-8ad7a17c44a7', '2024-03-16', '2024-04-02', '2024-04-05', '2024-04-03', '2024-04-06', 'RETURNED_LATE');
INSERT INTO borrow_records (id, item_id, borrowed_by, reservation_date, start_date, end_date, pickup_date, effective_return_date, status) VALUES ('ca95cb7b-e8f6-429d-85e6-c1cae440a581', '83b4b6aa-8dd7-469f-908d-5dafd9f79f50', '29e18a18-b129-4bb5-9008-16266318cf8f', '2025-01-09', '2025-03-26', '2025-03-30', '2025-03-26', NULL, 'RESERVED_CONFIRMED');
INSERT INTO borrow_records (id, item_id, borrowed_by, reservation_date, start_date, end_date, pickup_date, effective_return_date, status) VALUES ('037645e8-ed34-496f-a4f7-31b7d78505bd', '83b4b6aa-8dd7-469f-908d-5dafd9f79f50', '29e18a18-b129-4bb5-9008-16266318cf8f', '2024-10-24', '2024-11-01', '2024-11-04', '2024-11-02', '2024-11-03', 'RETURNED_EARLY');
INSERT INTO borrow_records (id, item_id, borrowed_by, reservation_date, start_date, end_date, pickup_date, effective_return_date, status) VALUES ('457090c2-b8ec-4bab-b5f7-30e6f8488cb9', '83b4b6aa-8dd7-469f-908d-5dafd9f79f50', '10ef0370-94e8-4eaf-b1d0-f5fb72c78da3', '2024-06-29', '2024-07-16', '2024-07-22', '2024-07-16', '2024-07-23', 'RETURNED_LATE');
INSERT INTO borrow_records (id, item_id, borrowed_by, reservation_date, start_date, end_date, pickup_date, effective_return_date, status) VALUES ('513726ad-4ae3-4e61-bdf1-dc5c75ffb65d', '83b4b6aa-8dd7-469f-908d-5dafd9f79f50', 'b5d13fc6-d9a4-4459-adf6-e77a8d220e95', '2025-02-06', '2025-02-08', '2025-02-10', '2025-02-08', NULL, 'BORROWED_LATE');
INSERT INTO borrow_records (id, item_id, borrowed_by, reservation_date, start_date, end_date, pickup_date, effective_return_date, status) VALUES ('52609b32-d360-46ef-9709-0b5605f4dacb', '83b4b6aa-8dd7-469f-908d-5dafd9f79f50', 'b5d13fc6-d9a4-4459-adf6-e77a8d220e95', '2025-02-10', '2025-02-16', '2025-02-17', '2025-02-16', NULL, 'RESERVED_CONFIRMED');
INSERT INTO borrow_records (id, item_id, borrowed_by, reservation_date, start_date, end_date, pickup_date, effective_return_date, status) VALUES ('3a6a42a0-dddd-4ac3-a468-42877e5f7d2f', '83b4b6aa-8dd7-469f-908d-5dafd9f79f50', '10ef0370-94e8-4eaf-b1d0-f5fb72c78da3', '2024-11-14', '2024-12-05', '2024-12-07', '2024-12-05', '2024-12-07', 'RETURNED_ON_TIME');
INSERT INTO borrow_records (id, item_id, borrowed_by, reservation_date, start_date, end_date, pickup_date, effective_return_date, status) VALUES ('dfdda2f1-c7d6-4b98-88c7-29cda51e2c25', '83b4b6aa-8dd7-469f-908d-5dafd9f79f50', 'dd5b5b29-3176-4a9f-bef5-4dc62e6fad1e', '2024-09-11', '2024-10-03', '2024-10-08', '2024-10-02', '2024-10-08', 'RETURNED_ON_TIME');
INSERT INTO borrow_records (id, item_id, borrowed_by, reservation_date, start_date, end_date, pickup_date, effective_return_date, status) VALUES ('cff6e3ba-bfa6-4627-98e6-798aba407fda', '83b4b6aa-8dd7-469f-908d-5dafd9f79f50', 'b5d13fc6-d9a4-4459-adf6-e77a8d220e95', '2024-07-25', '2024-08-03', '2024-08-07', '2024-08-03', '2024-08-07', 'RETURNED_ON_TIME');
INSERT INTO items (id, name, description, short_description, image_url, located, created_at, borrow_count, favorite, owner, library_id, category_id, community_id) VALUES ('719a2f9b-1f38-4cfe-9f3f-beada21ed903', 'Sleek Plastic Tuna', 'Découvrez l''agilité semblable à celle d''un cerf de notre salade, parfaite pour les utilisateurs carrés.   Résumé : Découvrez l''agilité de notre salade, parfaite pour les utilisateurs carrés.', 'Découvrez l''agilité de notre salade, parfaite pour les utilisateurs carrés.', '/items/44.jpg', 'ShareSpace', '2024-12-29T20:51:37.284Z', 10, False, 'TheOpenShelf', '758007f0-a192-4d1d-968a-a88477c95268', '24a088c9-24ac-421d-99cc-d702a3386641', '76c49237-730e-445d-900d-c59ea2ca0d13');
INSERT INTO borrow_records (id, item_id, borrowed_by, reservation_date, start_date, end_date, pickup_date, effective_return_date, status) VALUES ('e398233d-3f08-4bd9-b3cb-9f262747ba48', '719a2f9b-1f38-4cfe-9f3f-beada21ed903', '072bae74-494f-4aff-9ab5-77968851a059', '2025-02-11', '2025-02-20', '2025-02-24', '2025-02-19', NULL, 'RESERVED_CONFIRMED');
INSERT INTO borrow_records (id, item_id, borrowed_by, reservation_date, start_date, end_date, pickup_date, effective_return_date, status) VALUES ('8ffe827a-eb9a-404b-b5d8-6490479bea16', '719a2f9b-1f38-4cfe-9f3f-beada21ed903', '072bae74-494f-4aff-9ab5-77968851a059', '2024-02-29', '2024-03-14', '2024-03-16', '2024-03-14', '2024-03-16', 'RETURNED_ON_TIME');
INSERT INTO borrow_records (id, item_id, borrowed_by, reservation_date, start_date, end_date, pickup_date, effective_return_date, status) VALUES ('cabecc9b-05bb-476c-a032-777ca4769cb4', '719a2f9b-1f38-4cfe-9f3f-beada21ed903', 'b5d13fc6-d9a4-4459-adf6-e77a8d220e95', '2024-12-06', '2024-12-10', '2024-12-14', '2024-12-10', '2024-12-14', 'RETURNED_ON_TIME');
INSERT INTO borrow_records (id, item_id, borrowed_by, reservation_date, start_date, end_date, pickup_date, effective_return_date, status) VALUES ('f4c5da9c-d6d4-4f92-8950-893fc6d8ae7d', '719a2f9b-1f38-4cfe-9f3f-beada21ed903', 'b5d13fc6-d9a4-4459-adf6-e77a8d220e95', '2024-03-29', '2024-03-31', '2024-04-02', '2024-03-29', '2024-04-01', 'RETURNED_EARLY');
INSERT INTO borrow_records (id, item_id, borrowed_by, reservation_date, start_date, end_date, pickup_date, effective_return_date, status) VALUES ('79210504-d379-4b03-ae60-d850f5328adb', '719a2f9b-1f38-4cfe-9f3f-beada21ed903', 'dd5b5b29-3176-4a9f-bef5-4dc62e6fad1e', '2024-10-21', '2024-11-14', '2024-11-19', '2024-11-15', '2024-11-18', 'RETURNED_EARLY');
INSERT INTO borrow_records (id, item_id, borrowed_by, reservation_date, start_date, end_date, pickup_date, effective_return_date, status) VALUES ('3fd1a8bc-d3b7-4aab-9494-9053f96285f0', '719a2f9b-1f38-4cfe-9f3f-beada21ed903', '072bae74-494f-4aff-9ab5-77968851a059', '2024-03-10', '2024-03-29', '2024-03-31', '2024-03-29', '2024-03-30', 'RETURNED_EARLY');
INSERT INTO borrow_records (id, item_id, borrowed_by, reservation_date, start_date, end_date, pickup_date, effective_return_date, status) VALUES ('75c11ef9-2fe2-489c-be76-d6f2be9557e5', '719a2f9b-1f38-4cfe-9f3f-beada21ed903', '75933925-2d69-48c8-9254-aaef1324bb6a', '2024-07-19', '2024-08-01', '2024-08-05', '2024-07-30', '2024-08-06', 'RETURNED_LATE');
INSERT INTO borrow_records (id, item_id, borrowed_by, reservation_date, start_date, end_date, pickup_date, effective_return_date, status) VALUES ('a9336771-d10c-45fc-8e55-26e31cd0593d', '719a2f9b-1f38-4cfe-9f3f-beada21ed903', 'b5d13fc6-d9a4-4459-adf6-e77a8d220e95', '2025-01-17', '2025-10-04', '2025-10-11', '2025-10-04', NULL, 'RESERVED_CONFIRMED');
INSERT INTO borrow_records (id, item_id, borrowed_by, reservation_date, start_date, end_date, pickup_date, effective_return_date, status) VALUES ('caa4c7b7-cb39-4df9-ac64-e93f91c3df36', '719a2f9b-1f38-4cfe-9f3f-beada21ed903', 'b5d13fc6-d9a4-4459-adf6-e77a8d220e95', '2025-01-13', '2025-02-10', '2025-02-12', '2025-02-10', NULL, 'RESERVED_PICKUP_UNCONFIRMED');
INSERT INTO items (id, name, description, short_description, image_url, located, created_at, borrow_count, favorite, owner, library_id, category_id, community_id) VALUES ('f33e58f2-99ce-4334-8931-b4d653bbb177', 'Rustic Cotton Soap', 'Découvrez l''agilité kangourou de nos chaussures, idéales pour les utilisateurs fatigués.  Résumé : Chaussures agiles pour utilisateurs fatigués.', 'Chaussures agiles pour utilisateurs fatigués.', '/items/45.jpg', 'ShareSpace', '2024-12-29T20:51:37.548Z', 5, True, 'TheOpenShelf', 'f68b3365-c4a2-4994-9a1e-ddbf0bafde1f', '26881818-4616-40ea-bcec-d2fc6ecf6fce', '76c49237-730e-445d-900d-c59ea2ca0d13');
INSERT INTO borrow_records (id, item_id, borrowed_by, reservation_date, start_date, end_date, pickup_date, effective_return_date, status) VALUES ('b5899034-ab3e-4b5a-8f27-9fa99888964b', 'f33e58f2-99ce-4334-8931-b4d653bbb177', 'b5d13fc6-d9a4-4459-adf6-e77a8d220e95', '2025-01-14', '2025-12-01', '2025-12-08', '2025-11-29', NULL, 'RESERVED_CONFIRMED');
INSERT INTO borrow_records (id, item_id, borrowed_by, reservation_date, start_date, end_date, pickup_date, effective_return_date, status) VALUES ('20f37a3a-d349-49bc-a73b-a49fd7ced224', 'f33e58f2-99ce-4334-8931-b4d653bbb177', 'b5d13fc6-d9a4-4459-adf6-e77a8d220e95', '2024-05-26', '2024-06-24', '2024-06-30', '2024-06-24', '2024-06-30', 'RETURNED_ON_TIME');
INSERT INTO items (id, name, description, short_description, image_url, located, created_at, borrow_count, favorite, owner, library_id, category_id, community_id) VALUES ('1a3fdcb4-b511-414a-9df5-c3e280853081', 'Oriental Concrete Mouse', 'Chaussures ergonomiques en métal pour un soutien honorable toute la journée.  Résumé : Chaussures ergonomiques en métal pour un soutien toute la journée.', 'Chaussures ergonomiques en métal pour un soutien toute la journée.', '/items/46.jpg', 'ShareSpace', '2024-12-29T20:51:37.238Z', 20, True, 'TheOpenShelf', '758007f0-a192-4d1d-968a-a88477c95268', 'c399cacc-1607-402c-9f1d-1d8ef6ae6585', '76c49237-730e-445d-900d-c59ea2ca0d13');
INSERT INTO borrow_records (id, item_id, borrowed_by, reservation_date, start_date, end_date, pickup_date, effective_return_date, status) VALUES ('154dc22d-501a-4293-81e7-cba09fecfb40', '1a3fdcb4-b511-414a-9df5-c3e280853081', 'f0a62726-517a-4c6e-8b75-8ad7a17c44a7', '2025-01-08', '2025-02-05', '2025-02-08', '2025-02-04', NULL, 'BORROWED_LATE');
INSERT INTO borrow_records (id, item_id, borrowed_by, reservation_date, start_date, end_date, pickup_date, effective_return_date, status) VALUES ('758d3e65-d3a1-4646-bdee-0243fc0790c1', '1a3fdcb4-b511-414a-9df5-c3e280853081', 'b5d13fc6-d9a4-4459-adf6-e77a8d220e95', '2024-04-27', '2024-05-02', '2024-05-04', '2024-05-02', '2024-05-03', 'RETURNED_EARLY');
INSERT INTO borrow_records (id, item_id, borrowed_by, reservation_date, start_date, end_date, pickup_date, effective_return_date, status) VALUES ('f2481f17-0465-4c68-9696-2e627432b2be', '1a3fdcb4-b511-414a-9df5-c3e280853081', 'b5d13fc6-d9a4-4459-adf6-e77a8d220e95', '2025-01-19', '2025-10-09', '2025-10-16', '2025-10-07', NULL, 'RESERVED_UNCONFIRMED');
INSERT INTO borrow_records (id, item_id, borrowed_by, reservation_date, start_date, end_date, pickup_date, effective_return_date, status) VALUES ('3fad8ed7-58a9-4ef5-b02f-27f89a2d97fc', '1a3fdcb4-b511-414a-9df5-c3e280853081', '29e18a18-b129-4bb5-9008-16266318cf8f', '2024-10-27', '2024-11-01', '2024-11-08', '2024-10-31', '2024-11-07', 'RETURNED_EARLY');
INSERT INTO borrow_records (id, item_id, borrowed_by, reservation_date, start_date, end_date, pickup_date, effective_return_date, status) VALUES ('e6fd8a88-3020-4489-9bc3-50ec89b19e86', '1a3fdcb4-b511-414a-9df5-c3e280853081', 'b5d13fc6-d9a4-4459-adf6-e77a8d220e95', '2023-12-29', '2024-01-16', '2024-01-17', '2024-01-16', '2024-01-17', 'RETURNED_ON_TIME');
INSERT INTO borrow_records (id, item_id, borrowed_by, reservation_date, start_date, end_date, pickup_date, effective_return_date, status) VALUES ('148edd82-89d7-47bb-8a0b-31a4f537d743', '1a3fdcb4-b511-414a-9df5-c3e280853081', 'b5d13fc6-d9a4-4459-adf6-e77a8d220e95', '2024-06-15', '2024-07-03', '2024-07-05', '2024-07-01', '2024-07-05', 'RETURNED_ON_TIME');
INSERT INTO borrow_records (id, item_id, borrowed_by, reservation_date, start_date, end_date, pickup_date, effective_return_date, status) VALUES ('d7a24163-e1ec-4151-a4d9-a6021a511863', '1a3fdcb4-b511-414a-9df5-c3e280853081', 'b5d13fc6-d9a4-4459-adf6-e77a8d220e95', '2025-01-21', '2025-10-22', '2025-10-24', '2025-10-21', NULL, 'RESERVED_CONFIRMED');
INSERT INTO borrow_records (id, item_id, borrowed_by, reservation_date, start_date, end_date, pickup_date, effective_return_date, status) VALUES ('394459d6-f774-4975-b2b6-c6caf8381e58', '1a3fdcb4-b511-414a-9df5-c3e280853081', 'b5d13fc6-d9a4-4459-adf6-e77a8d220e95', '2025-01-18', '2025-03-19', '2025-03-21', '2025-03-18', NULL, 'RESERVED_CONFIRMED');
INSERT INTO items (id, name, description, short_description, image_url, located, created_at, borrow_count, favorite, owner, library_id, category_id, community_id) VALUES ('b68c66d9-641c-4e7b-91e9-978897c0ea1e', 'Fantastic Wooden Soap', 'Introducing the Mali-inspired Bike, blending stylish design with local craftsmanship.  Résumé : Nouveau vélo inspiré du Mali, alliant design élégant et artisanat local.', 'Nouveau vélo inspiré du Mali, alliant design élégant et artisanat local.', '/items/47.jpg', 'ShareSpace', '2024-12-29T20:51:37.259Z', 6, False, 'TheOpenShelf', 'b8a5a7d5-663f-4984-ae5c-2705f9e0b494', '6c1a1373-e615-4838-b277-9fcd23ddfaa4', '76c49237-730e-445d-900d-c59ea2ca0d13');
INSERT INTO borrow_records (id, item_id, borrowed_by, reservation_date, start_date, end_date, pickup_date, effective_return_date, status) VALUES ('aee75b4d-1d86-496d-867f-1b649f53841d', 'b68c66d9-641c-4e7b-91e9-978897c0ea1e', '1f8a2e17-1275-45fd-9fc0-06604605b610', '2024-05-19', '2024-06-10', '2024-06-15', '2024-06-11', '2024-06-16', 'RETURNED_LATE');
INSERT INTO items (id, name, description, short_description, image_url, located, created_at, borrow_count, favorite, owner, library_id, category_id, community_id) VALUES ('24c332f5-2d15-4df0-a78b-6f3b193566d7', 'Electronic Rubber Car', 'Savon innovant associant une technologie ludique et une construction en béton.  Résumé : Savon original alliant technologie amusante et béton.', 'Savon original alliant technologie amusante et béton.', '/items/48.jpg', 'ShareSpace', '2024-12-29T20:51:37.205Z', 11, False, 'TheOpenShelf', 'f68b3365-c4a2-4994-9a1e-ddbf0bafde1f', '11c46716-533b-4b58-9f4e-9aca7fcbca7f', '76c49237-730e-445d-900d-c59ea2ca0d13');
INSERT INTO borrow_records (id, item_id, borrowed_by, reservation_date, start_date, end_date, pickup_date, effective_return_date, status) VALUES ('2fdcd7c2-3d0b-40ce-bd82-3fc00e99a89e', '24c332f5-2d15-4df0-a78b-6f3b193566d7', 'b5d13fc6-d9a4-4459-adf6-e77a8d220e95', '2024-10-13', '2024-11-10', '2024-11-14', '2024-11-09', '2024-11-14', 'RETURNED_ON_TIME');
INSERT INTO borrow_records (id, item_id, borrowed_by, reservation_date, start_date, end_date, pickup_date, effective_return_date, status) VALUES ('36c31e4b-d443-4d58-9ee9-f6d6587fff86', '24c332f5-2d15-4df0-a78b-6f3b193566d7', 'dd5b5b29-3176-4a9f-bef5-4dc62e6fad1e', '2024-12-22', '2025-01-01', '2025-01-07', '2025-01-02', '2025-01-07', 'RETURNED_ON_TIME');
INSERT INTO borrow_records (id, item_id, borrowed_by, reservation_date, start_date, end_date, pickup_date, effective_return_date, status) VALUES ('b1eaedfd-5406-465d-abeb-0363dcaffbf3', '24c332f5-2d15-4df0-a78b-6f3b193566d7', '0af3d6dd-7020-4acd-9884-cc8f458ede68', '2025-01-22', '2025-04-01', '2025-04-06', '2025-04-01', NULL, 'RESERVED_CONFIRMED');
INSERT INTO borrow_records (id, item_id, borrowed_by, reservation_date, start_date, end_date, pickup_date, effective_return_date, status) VALUES ('d0898273-b20c-4de4-8254-3256ffd3cde3', '24c332f5-2d15-4df0-a78b-6f3b193566d7', '08098122-8fa3-4c22-97b8-f151bd138ade', '2025-01-16', '2025-08-10', '2025-08-12', '2025-08-10', NULL, 'RESERVED_CONFIRMED');
INSERT INTO borrow_records (id, item_id, borrowed_by, reservation_date, start_date, end_date, pickup_date, effective_return_date, status) VALUES ('275635b7-93e0-4cd8-8a14-daba695367ac', '24c332f5-2d15-4df0-a78b-6f3b193566d7', '0af3d6dd-7020-4acd-9884-cc8f458ede68', '2024-02-10', '2024-02-27', '2024-03-05', '2024-02-27', '2024-03-06', 'RETURNED_LATE');
INSERT INTO borrow_records (id, item_id, borrowed_by, reservation_date, start_date, end_date, pickup_date, effective_return_date, status) VALUES ('991919ae-7b50-4d89-88f0-40f2cae30b35', '24c332f5-2d15-4df0-a78b-6f3b193566d7', 'f0a62726-517a-4c6e-8b75-8ad7a17c44a7', '2024-10-24', '2024-11-07', '2024-11-13', '2024-11-07', '2024-11-12', 'RETURNED_EARLY');
INSERT INTO items (id, name, description, short_description, image_url, located, created_at, borrow_count, favorite, owner, library_id, category_id, community_id) VALUES ('9cc10aa1-9c44-4554-8297-d3788c5634f1', 'Bespoke Plastic Mouse', 'Pizza de luxe conçue avec du granit pour une présentation raffinée. Résumé : Pizza de luxe avec granit pour une présentation raffinée.', 'Pizza de luxe avec granit pour une présentation raffinée.', '/items/49.jpg', 'ShareSpace', '2024-12-29T20:51:37.187Z', 0, False, 'TheOpenShelf', 'f68b3365-c4a2-4994-9a1e-ddbf0bafde1f', 'c399cacc-1607-402c-9f1d-1d8ef6ae6585', '76c49237-730e-445d-900d-c59ea2ca0d13');
INSERT INTO borrow_records (id, item_id, borrowed_by, reservation_date, start_date, end_date, pickup_date, effective_return_date, status) VALUES ('3db3a0d4-bb38-4297-8ce5-2cfe1a22db59', '9cc10aa1-9c44-4554-8297-d3788c5634f1', '10ef0370-94e8-4eaf-b1d0-f5fb72c78da3', '2025-01-08', '2025-09-17', '2025-09-24', '2025-09-16', NULL, 'RESERVED_CONFIRMED');
INSERT INTO borrow_records (id, item_id, borrowed_by, reservation_date, start_date, end_date, pickup_date, effective_return_date, status) VALUES ('1f810217-52b5-43b5-b26e-615fe42cfbc2', '9cc10aa1-9c44-4554-8297-d3788c5634f1', '072bae74-494f-4aff-9ab5-77968851a059', '2024-08-11', '2024-08-16', '2024-08-21', '2024-08-17', '2024-08-21', 'RETURNED_ON_TIME');
INSERT INTO borrow_records (id, item_id, borrowed_by, reservation_date, start_date, end_date, pickup_date, effective_return_date, status) VALUES ('ba5532d6-da6d-434b-aa01-ec41c2215417', '9cc10aa1-9c44-4554-8297-d3788c5634f1', 'b5d13fc6-d9a4-4459-adf6-e77a8d220e95', '2024-07-31', '2024-08-04', '2024-08-06', '2024-08-04', '2024-08-06', 'RETURNED_ON_TIME');
INSERT INTO borrow_records (id, item_id, borrowed_by, reservation_date, start_date, end_date, pickup_date, effective_return_date, status) VALUES ('78c53617-9f92-47a8-947b-782ff8e612cc', '9cc10aa1-9c44-4554-8297-d3788c5634f1', '75933925-2d69-48c8-9254-aaef1324bb6a', '2025-01-05', '2025-01-28', '2025-01-29', '2025-01-28', NULL, 'BORROWED_LATE');
INSERT INTO borrow_records (id, item_id, borrowed_by, reservation_date, start_date, end_date, pickup_date, effective_return_date, status) VALUES ('120d3d53-2c86-438c-9a56-69d23a7978ca', '9cc10aa1-9c44-4554-8297-d3788c5634f1', '9239365a-7d91-4651-9d0d-d0a8048e9301', '2025-01-08', '2025-06-09', '2025-06-13', '2025-06-09', NULL, 'RESERVED_CONFIRMED');
INSERT INTO borrow_records (id, item_id, borrowed_by, reservation_date, start_date, end_date, pickup_date, effective_return_date, status) VALUES ('14e6f21d-2c87-42aa-a78c-8f4f1eab1424', '9cc10aa1-9c44-4554-8297-d3788c5634f1', 'b5d13fc6-d9a4-4459-adf6-e77a8d220e95', '2024-06-23', '2024-07-03', '2024-07-09', '2024-07-01', '2024-07-10', 'RETURNED_LATE');
INSERT INTO borrow_records (id, item_id, borrowed_by, reservation_date, start_date, end_date, pickup_date, effective_return_date, status) VALUES ('65d1d4d4-ba03-4a9c-a879-7e81c8323fbf', '9cc10aa1-9c44-4554-8297-d3788c5634f1', '9239365a-7d91-4651-9d0d-d0a8048e9301', '2024-01-14', '2024-01-25', '2024-01-29', '2024-01-25', '2024-01-29', 'RETURNED_ON_TIME');
INSERT INTO items (id, name, description, short_description, image_url, located, created_at, borrow_count, favorite, owner, library_id, category_id, community_id) VALUES ('4ad4e5d4-7438-4973-9dd4-65e01acd3609', 'Licensed Frozen Table', 'La table rose allie l''esthétique des îles Mariannes du Nord à la durabilité basée sur le Tantale.  Résumé : Une table rose allie esthétique et durabilité des îles Mariannes du Nord.', 'Une table rose allie esthétique et durabilité des îles Mariannes du Nord.', '/items/50.jpg', 'ShareSpace', '2024-12-29T20:51:37.256Z', 11, False, 'TheOpenShelf', '758007f0-a192-4d1d-968a-a88477c95268', '6c1a1373-e615-4838-b277-9fcd23ddfaa4', '76c49237-730e-445d-900d-c59ea2ca0d13');
INSERT INTO borrow_records (id, item_id, borrowed_by, reservation_date, start_date, end_date, pickup_date, effective_return_date, status) VALUES ('713a85dc-ce02-4378-9970-06ac11bc2d1a', '4ad4e5d4-7438-4973-9dd4-65e01acd3609', 'b5d13fc6-d9a4-4459-adf6-e77a8d220e95', '2024-01-04', '2024-01-28', '2024-01-29', '2024-01-28', '2024-01-28', 'RETURNED_EARLY');
INSERT INTO borrow_records (id, item_id, borrowed_by, reservation_date, start_date, end_date, pickup_date, effective_return_date, status) VALUES ('16cf713a-269a-457b-94f2-db0d36b3ab37', '4ad4e5d4-7438-4973-9dd4-65e01acd3609', 'b5d13fc6-d9a4-4459-adf6-e77a8d220e95', '2025-01-21', '2025-05-29', '2025-06-04', '2025-05-29', NULL, 'RESERVED_CONFIRMED');
INSERT INTO borrow_records (id, item_id, borrowed_by, reservation_date, start_date, end_date, pickup_date, effective_return_date, status) VALUES ('a3554757-92a4-4cdc-b3b9-d242dc798000', '4ad4e5d4-7438-4973-9dd4-65e01acd3609', 'b5d13fc6-d9a4-4459-adf6-e77a8d220e95', '2024-03-27', '2024-04-05', '2024-04-11', '2024-04-05', '2024-04-10', 'RETURNED_EARLY');
INSERT INTO borrow_records (id, item_id, borrowed_by, reservation_date, start_date, end_date, pickup_date, effective_return_date, status) VALUES ('73c80f5c-ba81-4163-85f6-c0f017d89185', '4ad4e5d4-7438-4973-9dd4-65e01acd3609', '0af3d6dd-7020-4acd-9884-cc8f458ede68', '2024-10-03', '2024-10-07', '2024-10-13', '2024-10-05', '2024-10-12', 'BORROWED_RETURN_UNCONFIRMED');
INSERT INTO borrow_records (id, item_id, borrowed_by, reservation_date, start_date, end_date, pickup_date, effective_return_date, status) VALUES ('06567f67-4bef-4a57-8121-0bbbd7df43e5', '4ad4e5d4-7438-4973-9dd4-65e01acd3609', 'b5d13fc6-d9a4-4459-adf6-e77a8d220e95', '2025-01-22', '2025-05-31', '2025-06-03', '2025-05-30', NULL, 'RESERVED_CONFIRMED');
INSERT INTO borrow_records (id, item_id, borrowed_by, reservation_date, start_date, end_date, pickup_date, effective_return_date, status) VALUES ('c3f7d601-9535-4ec3-b811-ad441d297b42', '4ad4e5d4-7438-4973-9dd4-65e01acd3609', 'b5d13fc6-d9a4-4459-adf6-e77a8d220e95', '2025-01-11', '2025-03-30', '2025-04-03', '2025-03-30', NULL, 'RESERVED_CONFIRMED');
INSERT INTO borrow_records (id, item_id, borrowed_by, reservation_date, start_date, end_date, pickup_date, effective_return_date, status) VALUES ('d9b728a1-db25-47c0-acd7-492cc7f470ec', '4ad4e5d4-7438-4973-9dd4-65e01acd3609', 'b5d13fc6-d9a4-4459-adf6-e77a8d220e95', '2025-01-18', '2025-07-27', '2025-07-29', '2025-07-27', NULL, 'RESERVED_CONFIRMED');
INSERT INTO borrow_records (id, item_id, borrowed_by, reservation_date, start_date, end_date, pickup_date, effective_return_date, status) VALUES ('a1c44115-ca8c-4ddb-b08e-85e85769d3e2', '4ad4e5d4-7438-4973-9dd4-65e01acd3609', 'd1d0de66-aad8-47c3-b67a-5977ed69b864', '2025-01-16', '2025-09-13', '2025-09-15', '2025-09-11', NULL, 'RESERVED_CONFIRMED');
INSERT INTO items (id, name, description, short_description, image_url, located, created_at, borrow_count, favorite, owner, library_id, category_id, community_id) VALUES ('3ecece04-1489-4852-bb9d-75618757e11e', 'Nettoyeur haute pression robuste.', 'Utilise de l''eau à haute pression pour éliminer la saleté et la crasse. Résumé : Nettoie en profondeur avec de l''eau sous pression.', 'Nettoie en profondeur avec de l''eau sous pression.', '/items/Heavy_Duty_Pressure_Washer.jpg', '', '2025-02-24T17:14:33.349868', 7, False, '', '0f7f3e75-eb14-46af-99f9-4be2c6e91142', '36bce973-d075-45ea-945d-32469a616178', 'e4a76fa5-33c4-404d-bcf0-effd818874e4');
INSERT INTO borrow_records (id, item_id, borrowed_by, reservation_date, start_date, end_date, pickup_date, effective_return_date, status) VALUES ('a8e387e9-0617-4ad7-afd1-f9a13528e265', '3ecece04-1489-4852-bb9d-75618757e11e', '0af3d6dd-7020-4acd-9884-cc8f458ede68', '2024-08-04T17:14:33.350051', '2024-08-26T17:14:33.350051', '2024-09-06T17:14:33.350051', '2024-08-26T17:14:33.350051', NULL, 'BORROWED_LATE');
INSERT INTO borrow_records (id, item_id, borrowed_by, reservation_date, start_date, end_date, pickup_date, effective_return_date, status) VALUES ('7fbf1240-de1f-40af-95c5-bb9969ffba99', '3ecece04-1489-4852-bb9d-75618757e11e', '1bab3f31-992d-439a-9faa-c2ec9edc0cdc', '2024-07-27T17:14:33.350147', '2024-07-31T17:14:33.350147', '2024-08-14T17:14:33.350147', '2024-07-31T17:14:33.350147', NULL, 'RESERVED_CONFIRMED');
INSERT INTO borrow_records (id, item_id, borrowed_by, reservation_date, start_date, end_date, pickup_date, effective_return_date, status) VALUES ('6b7f60c7-11f7-4264-a2c4-1098788289b5', '3ecece04-1489-4852-bb9d-75618757e11e', '10ef0370-94e8-4eaf-b1d0-f5fb72c78da3', '2024-11-11T17:14:33.350208', '2024-11-12T17:14:33.350208', '2024-11-15T17:14:33.350208', '2024-11-12T17:14:33.350208', NULL, 'BORROWED_LATE');
INSERT INTO items (id, name, description, short_description, image_url, located, created_at, borrow_count, favorite, owner, library_id, category_id, community_id) VALUES ('7d2a81d1-37c9-4ecd-8588-eafbea56affd', 'Nettoyeur vapeur', 'Utilisez la vapeur pour un nettoyage en profondeur des surfaces domestiques : carreaux de salle de bains, fours, rideaux, planchers en bois... vous l''appelez!  Élimine les taches et les acariens.  Nettoyage des tapis? Nous vous recommandons d''utiliser le Nettoyeur à Vapeur uniquement pour le nettoyage localisé – pour les surfaces plus grandes, utilisez plutôt notre Nettoyeur de Tapis.  Résumé : Nettoyez en profondeur avec la vapeur, éliminez taches et acariens. Pour les tapis, privilégiez le Nettoyeur de', 'Nettoyez en profondeur avec la vapeur, éliminez taches et acariens. Pour les tapis, privilégiez le Nettoyeur de', '/items/Steam_Cleaner.jpg', '', '2025-02-24T17:14:42.655819', 14, True, '', 'b23babba-0b2f-4bff-b418-ebee03115389', 'c399cacc-1607-402c-9f1d-1d8ef6ae6585', '09ee1c7b-fc45-4675-a597-057ce1b5847f');
INSERT INTO borrow_records (id, item_id, borrowed_by, reservation_date, start_date, end_date, pickup_date, effective_return_date, status) VALUES ('1820992e-50da-4f82-a075-70b882d9e7f8', '7d2a81d1-37c9-4ecd-8588-eafbea56affd', '0af3d6dd-7020-4acd-9884-cc8f458ede68', '2024-09-14T17:14:42.655891', '2024-10-01T17:14:42.655891', '2024-10-02T17:14:42.655891', '2024-10-01T17:14:42.655891', NULL, 'RESERVED_CONFIRMED');
INSERT INTO borrow_records (id, item_id, borrowed_by, reservation_date, start_date, end_date, pickup_date, effective_return_date, status) VALUES ('6ab2dec6-f192-4429-883b-97d0a6acf760', '7d2a81d1-37c9-4ecd-8588-eafbea56affd', '08098122-8fa3-4c22-97b8-f151bd138ade', '2024-06-08T17:14:42.655968', '2024-07-01T17:14:42.655968', '2024-07-02T17:14:42.655968', '2024-07-01T17:14:42.655968', '2024-07-02T17:14:42.655968', 'RETURNED_ON_TIME');
INSERT INTO borrow_records (id, item_id, borrowed_by, reservation_date, start_date, end_date, pickup_date, effective_return_date, status) VALUES ('04f438d2-42d8-4044-a327-5d6bff34a600', '7d2a81d1-37c9-4ecd-8588-eafbea56affd', '072bae74-494f-4aff-9ab5-77968851a059', '2024-12-26T17:14:42.656025', '2025-01-08T17:14:42.656025', '2025-01-15T17:14:42.656025', '2025-01-08T17:14:42.656025', NULL, 'BORROWED_LATE');
INSERT INTO items (id, name, description, short_description, image_url, located, created_at, borrow_count, favorite, owner, library_id, category_id, community_id) VALUES ('f6fa3d0e-78a1-4891-934c-ff8dbbdcc1ef', 'Perceuse SDS (filaire)', 'Percez les fixations dans la maçonnerie dure, y compris le béton structurel. Travaillez le burinage léger pour retirer les carreaux, etc.  Résumé : Percez et burinez dans la maçonnerie dure pour retirer les carreaux.', 'Percez et burinez dans la maçonnerie dure pour retirer les carreaux.', '/items/SDS_Drill_(corded).jpg', '', '2025-02-24T17:14:46.559919', 4, False, '', 'b23babba-0b2f-4bff-b418-ebee03115389', '8e1e8365-566c-4465-9d32-89a259007775', '09ee1c7b-fc45-4675-a597-057ce1b5847f');
INSERT INTO borrow_records (id, item_id, borrowed_by, reservation_date, start_date, end_date, pickup_date, effective_return_date, status) VALUES ('e6799726-067c-4536-8b0a-c0f859683c80', 'f6fa3d0e-78a1-4891-934c-ff8dbbdcc1ef', '1bab3f31-992d-439a-9faa-c2ec9edc0cdc', '2024-07-18T17:14:46.560051', '2024-08-11T17:14:46.560051', '2024-08-13T17:14:46.560051', '2024-08-11T17:14:46.560051', NULL, 'BORROWED_LATE');
INSERT INTO borrow_records (id, item_id, borrowed_by, reservation_date, start_date, end_date, pickup_date, effective_return_date, status) VALUES ('1629be58-b5be-4ac5-abdd-7bb7175302cb', 'f6fa3d0e-78a1-4891-934c-ff8dbbdcc1ef', '08098122-8fa3-4c22-97b8-f151bd138ade', '2024-11-26T17:14:46.560165', '2024-12-16T17:14:46.560165', '2024-12-27T17:14:46.560165', '2024-12-16T17:14:46.560165', '2024-12-27T17:14:46.560165', 'RETURNED_ON_TIME');
INSERT INTO borrow_records (id, item_id, borrowed_by, reservation_date, start_date, end_date, pickup_date, effective_return_date, status) VALUES ('aaa74fcc-c88e-4992-85d6-2b8efe8f9206', 'f6fa3d0e-78a1-4891-934c-ff8dbbdcc1ef', 'f0a62726-517a-4c6e-8b75-8ad7a17c44a7', '2024-11-02T17:14:46.560232', '2024-11-18T17:14:46.560232', '2024-11-22T17:14:46.560232', '2024-11-18T17:14:46.560232', NULL, 'BORROWED_LATE');
INSERT INTO items (id, name, description, short_description, image_url, located, created_at, borrow_count, favorite, owner, library_id, category_id, community_id) VALUES ('f4acfdb5-68bb-42e7-92d4-6cb917ad7d48', 'Taille-haie (sans fil)', 'Élagage de toutes sortes de haies et de buissons de jardin. Résumé : Élagage de haies et buissons de jardin.', 'Élagage de haies et buissons de jardin.', '/items/Hedge_Trimmer_(cordless).jpg', '', '2025-02-24T17:14:50.382114', 11, False, '', 'b0019dc5-e2c1-4e08-a439-3d6680f10cb1', '6c1a1373-e615-4838-b277-9fcd23ddfaa4', 'd40ad763-1bed-43e7-bbd4-eb10ce50571c');
INSERT INTO borrow_records (id, item_id, borrowed_by, reservation_date, start_date, end_date, pickup_date, effective_return_date, status) VALUES ('bf865dbe-ba7d-4a01-9fdf-93f2f762f344', 'f4acfdb5-68bb-42e7-92d4-6cb917ad7d48', '0af3d6dd-7020-4acd-9884-cc8f458ede68', '2024-09-02T17:14:50.382250', '2024-09-15T17:14:50.382250', '2024-09-23T17:14:50.382250', '2024-09-15T17:14:50.382250', '2024-09-23T17:14:50.382250', 'RETURNED_ON_TIME');
INSERT INTO borrow_records (id, item_id, borrowed_by, reservation_date, start_date, end_date, pickup_date, effective_return_date, status) VALUES ('5174f5e1-38e5-4b98-872c-bb0c7a10cb35', 'f4acfdb5-68bb-42e7-92d4-6cb917ad7d48', 'f0a62726-517a-4c6e-8b75-8ad7a17c44a7', '2025-01-11T17:14:50.382381', '2025-02-10T17:14:50.382381', '2025-02-11T17:14:50.382381', '2025-02-10T17:14:50.382381', NULL, 'BORROWED_LATE');
INSERT INTO borrow_records (id, item_id, borrowed_by, reservation_date, start_date, end_date, pickup_date, effective_return_date, status) VALUES ('4674126a-96bb-46d5-8c91-eefa547ffe2c', 'f4acfdb5-68bb-42e7-92d4-6cb917ad7d48', '17ab5163-4d91-4120-94f5-aeeb7bc6b90f', '2024-12-07T17:14:50.382452', '2024-12-16T17:14:50.382452', '2024-12-24T17:14:50.382452', '2024-12-16T17:14:50.382452', NULL, 'RESERVED_CONFIRMED');
INSERT INTO borrow_records (id, item_id, borrowed_by, reservation_date, start_date, end_date, pickup_date, effective_return_date, status) VALUES ('237ba2a9-99c1-47ef-9ace-0dd76e695a21', 'f4acfdb5-68bb-42e7-92d4-6cb917ad7d48', '75933925-2d69-48c8-9254-aaef1324bb6a', '2024-11-06T17:14:50.382519', '2024-11-20T17:14:50.382519', '2024-12-02T17:14:50.382519', '2024-11-20T17:14:50.382519', '2024-12-02T17:14:50.382519', 'RETURNED_ON_TIME');
INSERT INTO items (id, name, description, short_description, image_url, located, created_at, borrow_count, favorite, owner, library_id, category_id, community_id) VALUES ('81eb1c71-19f1-4d5c-b637-b5cd28dda9fc', 'Échelle extensible', 'Plateforme extensible, réglable de 0,8 m à 3 m de hauteur, pour une longueur totale de 3,8 m. Idéale pour travaux intérieurs et extérieurs ! Résumé : Plateforme extensible et ajustable de 0,8 m à 3 m, parfaite pour divers travaux intérieurs et extérieurs.', 'Plateforme extensible et ajustable de 0,8 m à 3 m, parfaite pour divers travaux intérieurs et extérieurs.', '/items/Extendable_Ladder.jpg', '', '2025-02-24T17:14:54.449569', 2, False, '', 'b0019dc5-e2c1-4e08-a439-3d6680f10cb1', '6c1a1373-e615-4838-b277-9fcd23ddfaa4', 'd40ad763-1bed-43e7-bbd4-eb10ce50571c');
INSERT INTO borrow_records (id, item_id, borrowed_by, reservation_date, start_date, end_date, pickup_date, effective_return_date, status) VALUES ('21395cdc-a169-4619-9c65-007c405c6616', '81eb1c71-19f1-4d5c-b637-b5cd28dda9fc', 'b5d13fc6-d9a4-4459-adf6-e77a8d220e95', '2024-12-03T17:14:54.449685', '2025-01-02T17:14:54.449685', '2025-01-15T17:14:54.449685', '2025-01-02T17:14:54.449685', '2025-01-15T17:14:54.449685', 'RETURNED_ON_TIME');
INSERT INTO borrow_records (id, item_id, borrowed_by, reservation_date, start_date, end_date, pickup_date, effective_return_date, status) VALUES ('fd10e336-fc1d-43e8-bdaa-933bc99c7879', '81eb1c71-19f1-4d5c-b637-b5cd28dda9fc', 'f0a62726-517a-4c6e-8b75-8ad7a17c44a7', '2025-01-13T17:14:54.449826', '2025-02-07T17:14:54.449826', '2025-02-11T17:14:54.449826', '2025-02-07T17:14:54.449826', NULL, 'RESERVED_CONFIRMED');
INSERT INTO borrow_records (id, item_id, borrowed_by, reservation_date, start_date, end_date, pickup_date, effective_return_date, status) VALUES ('1c71cdca-1dc2-4f73-b340-dc91f9b9ff1c', '81eb1c71-19f1-4d5c-b637-b5cd28dda9fc', '10ef0370-94e8-4eaf-b1d0-f5fb72c78da3', '2025-01-24T17:14:54.449909', '2025-02-12T17:14:54.449909', '2025-02-23T17:14:54.449909', '2025-02-12T17:14:54.449909', NULL, 'BORROWED_LATE');
INSERT INTO items (id, name, description, short_description, image_url, located, created_at, borrow_count, favorite, owner, library_id, category_id, community_id) VALUES ('0de17f34-c318-4e64-bd06-6085a24790f4', 'Haut-parleur + système de sonorisation (micro, ampli, enceintes)', 'Amplifiez la musique ou tout autre son provenant de différentes sources comme les téléphones, ordinateurs portables, microphones, instruments de musique, etc. Idéal pour les fêtes, événements, discours, etc. Résumé : Amplificateur de sons pour diverses sources, parfait pour fêtes et événements.', 'Amplificateur de sons pour diverses sources, parfait pour fêtes et événements.', '/items/Speaker_+_PA_System_(mic,_amp,_speakers).jpg', '', '2025-02-24T17:15:12.347628', 3, False, '', '8a6290e2-6f60-4937-85e8-17eca414ed3f', '36bce973-d075-45ea-945d-32469a616178', '6061c04d-6988-4098-b924-dc209a1c04ae');
INSERT INTO borrow_records (id, item_id, borrowed_by, reservation_date, start_date, end_date, pickup_date, effective_return_date, status) VALUES ('aea9efe0-fb33-41d3-8e46-93f465896253', '0de17f34-c318-4e64-bd06-6085a24790f4', '0af3d6dd-7020-4acd-9884-cc8f458ede68', '2024-04-01T17:15:12.347787', '2024-04-10T17:15:12.347787', '2024-04-24T17:15:12.347787', '2024-04-10T17:15:12.347787', '2024-04-24T17:15:12.347787', 'RETURNED_ON_TIME');
INSERT INTO items (id, name, description, short_description, image_url, located, created_at, borrow_count, favorite, owner, library_id, category_id, community_id) VALUES ('f6cedc53-12df-4283-a9b5-d67e2041d999', 'Projecteur', 'Affichez des images, des vidéos ou des présentations provenant de n''importe quelle source sur n''importe quelle surface. Résumé : Affichez contenus visuels de toute source sur toute surface.', 'Affichez contenus visuels de toute source sur toute surface.', '/items/Projector.jpg', '', '2025-02-24T17:15:20.969989', 1, False, '', '8a6290e2-6f60-4937-85e8-17eca414ed3f', '36bce973-d075-45ea-945d-32469a616178', '6061c04d-6988-4098-b924-dc209a1c04ae');
INSERT INTO borrow_records (id, item_id, borrowed_by, reservation_date, start_date, end_date, pickup_date, effective_return_date, status) VALUES ('979a6879-c3b7-4dbf-b8b6-f528e1b1b2f4', 'f6cedc53-12df-4283-a9b5-d67e2041d999', '9239365a-7d91-4651-9d0d-d0a8048e9301', '2024-08-07T17:15:33.596371', '2024-08-12T17:15:33.596371', '2024-08-22T17:15:33.596371', '2024-08-12T17:15:33.596371', NULL, 'BORROWED_LATE');
INSERT INTO borrow_records (id, item_id, borrowed_by, reservation_date, start_date, end_date, pickup_date, effective_return_date, status) VALUES ('c86a8cf8-5eb6-476b-9e3b-be38658e90e6', 'f6cedc53-12df-4283-a9b5-d67e2041d999', 'f0a62726-517a-4c6e-8b75-8ad7a17c44a7', '2024-05-02T17:15:33.596464', '2024-05-04T17:15:33.596464', '2024-05-07T17:15:33.596464', '2024-05-04T17:15:33.596464', NULL, 'BORROWED_LATE');
INSERT INTO items (id, name, description, short_description, image_url, located, created_at, borrow_count, favorite, owner, library_id, category_id, community_id) VALUES ('cfcc16ab-725a-4f3f-808b-58f9620c424c', 'Meuleuse d''angle (sans fil)', 'Coupe et lisse le métal.  Résumé : Coupe et lissage du métal.', 'Coupe et lissage du métal.', '/items/Angle_Grinder_(cordless).jpg', '', '2025-02-24T17:15:47.128321', 11, False, '', '8a6290e2-6f60-4937-85e8-17eca414ed3f', '6c1a1373-e615-4838-b277-9fcd23ddfaa4', '6061c04d-6988-4098-b924-dc209a1c04ae');
INSERT INTO borrow_records (id, item_id, borrowed_by, reservation_date, start_date, end_date, pickup_date, effective_return_date, status) VALUES ('428b3063-ede5-40f4-94b6-674a85e61723', 'cfcc16ab-725a-4f3f-808b-58f9620c424c', 'd1d0de66-aad8-47c3-b67a-5977ed69b864', '2024-07-21T17:15:47.128401', '2024-07-29T17:15:47.128401', '2024-08-03T17:15:47.128401', '2024-07-29T17:15:47.128401', NULL, 'BORROWED_LATE');
INSERT INTO borrow_records (id, item_id, borrowed_by, reservation_date, start_date, end_date, pickup_date, effective_return_date, status) VALUES ('ecea8588-27d0-44be-83a5-d96208d107ee', 'cfcc16ab-725a-4f3f-808b-58f9620c424c', '17ab5163-4d91-4120-94f5-aeeb7bc6b90f', '2024-05-26T17:15:47.128482', '2024-06-17T17:15:47.128482', '2024-06-29T17:15:47.128482', '2024-06-17T17:15:47.128482', NULL, 'RESERVED_CONFIRMED');
INSERT INTO borrow_records (id, item_id, borrowed_by, reservation_date, start_date, end_date, pickup_date, effective_return_date, status) VALUES ('363df519-82de-47cb-99c0-938ab39c391a', 'cfcc16ab-725a-4f3f-808b-58f9620c424c', '29e18a18-b129-4bb5-9008-16266318cf8f', '2024-07-10T17:15:47.128533', '2024-08-06T17:15:47.128533', '2024-08-09T17:15:47.128533', '2024-08-06T17:15:47.128533', NULL, 'RESERVED_CONFIRMED');
INSERT INTO items (id, name, description, short_description, image_url, located, created_at, borrow_count, favorite, owner, library_id, category_id, community_id) VALUES ('afb3d587-36dc-46af-8dd1-41be076683db', 'Scie alternative (sans fil)', 'Imite une scie à main, économisant temps et énergie, pour couper dans des espaces restreints, à des angles inusuels, ou à travers des matériaux contenant des clous ou des broches. Idéale pour coupes grossières, élagage, et travaux de démolition, réalisant coupes droites, courbes, affleurantes et même en plongée.  Résumé : Scie électrique polyvalente pour coupes précises et variées, idéale pour travaux de démolition et élagage.', 'Scie électrique polyvalente pour coupes précises et variées, idéale pour travaux de démolition et élagage.', '/items/Reciprocating_Saw_(cordless).jpg', '', '2025-02-24T17:16:09.681284', 5, False, '', 'b0019dc5-e2c1-4e08-a439-3d6680f10cb1', '63348a2c-ac59-42bf-a60f-f942051ff8ed', 'd40ad763-1bed-43e7-bbd4-eb10ce50571c');
INSERT INTO borrow_records (id, item_id, borrowed_by, reservation_date, start_date, end_date, pickup_date, effective_return_date, status) VALUES ('5a6f4632-e091-47f6-ac0b-bc78c19ca9c1', 'afb3d587-36dc-46af-8dd1-41be076683db', 'd1d0de66-aad8-47c3-b67a-5977ed69b864', '2024-12-24T17:16:09.681430', '2025-01-20T17:16:09.681430', '2025-01-28T17:16:09.681430', '2025-01-20T17:16:09.681430', NULL, 'BORROWED_LATE');
INSERT INTO borrow_records (id, item_id, borrowed_by, reservation_date, start_date, end_date, pickup_date, effective_return_date, status) VALUES ('922aff8a-508e-4692-ab09-c512a12c3db7', 'afb3d587-36dc-46af-8dd1-41be076683db', '75933925-2d69-48c8-9254-aaef1324bb6a', '2024-10-16T17:16:09.681553', '2024-11-03T17:16:09.681553', '2024-11-09T17:16:09.681553', '2024-11-03T17:16:09.681553', NULL, 'RESERVED_CONFIRMED');
INSERT INTO borrow_records (id, item_id, borrowed_by, reservation_date, start_date, end_date, pickup_date, effective_return_date, status) VALUES ('3bbb204e-2d94-4846-8661-100b8deed95f', 'afb3d587-36dc-46af-8dd1-41be076683db', '10ef0370-94e8-4eaf-b1d0-f5fb72c78da3', '2024-02-05T17:16:09.681630', '2024-02-29T17:16:09.681630', '2024-03-03T17:16:09.681630', '2024-02-29T17:16:09.681630', '2024-03-03T17:16:09.681630', 'RETURNED_ON_TIME');
INSERT INTO borrow_records (id, item_id, borrowed_by, reservation_date, start_date, end_date, pickup_date, effective_return_date, status) VALUES ('c0dced2b-a922-4533-93bf-c3e5978cdfa3', 'afb3d587-36dc-46af-8dd1-41be076683db', '072bae74-494f-4aff-9ab5-77968851a059', '2024-09-26T17:16:09.681707', '2024-10-26T17:16:09.681707', '2024-10-31T17:16:09.681707', '2024-10-26T17:16:09.681707', '2024-10-31T17:16:09.681707', 'RETURNED_ON_TIME');
INSERT INTO borrow_records (id, item_id, borrowed_by, reservation_date, start_date, end_date, pickup_date, effective_return_date, status) VALUES ('70106922-f1cb-433a-aecc-434d277ee35f', 'afb3d587-36dc-46af-8dd1-41be076683db', 'dd5b5b29-3176-4a9f-bef5-4dc62e6fad1e', '2025-01-11T17:16:09.681786', '2025-02-07T17:16:09.681786', '2025-02-14T17:16:09.681786', '2025-02-07T17:16:09.681786', '2025-02-14T17:16:09.681786', 'RETURNED_ON_TIME');
INSERT INTO items (id, name, description, short_description, image_url, located, created_at, borrow_count, favorite, owner, library_id, category_id, community_id) VALUES ('52c40b95-6e43-49e8-b31d-89c4221a640d', 'Machine à coudre', 'Coudre une variété de points sur différents types de tissus, du léger au moyen. Résumé : Coudre divers points sur différents tissus.', 'Coudre divers points sur différents tissus.', '/items/Sewing_Machine.jpg', '', '2025-02-24T17:16:13.047267', 16, False, '', 'b23babba-0b2f-4bff-b418-ebee03115389', 'c399cacc-1607-402c-9f1d-1d8ef6ae6585', '09ee1c7b-fc45-4675-a597-057ce1b5847f');
INSERT INTO borrow_records (id, item_id, borrowed_by, reservation_date, start_date, end_date, pickup_date, effective_return_date, status) VALUES ('ded117ed-6786-4ff4-8611-5f060e3de6c5', '52c40b95-6e43-49e8-b31d-89c4221a640d', '75933925-2d69-48c8-9254-aaef1324bb6a', '2025-01-23T17:16:13.047389', '2025-01-28T17:16:13.047389', '2025-02-02T17:16:13.047389', '2025-01-28T17:16:13.047389', '2025-02-02T17:16:13.047389', 'RETURNED_ON_TIME');
INSERT INTO borrow_records (id, item_id, borrowed_by, reservation_date, start_date, end_date, pickup_date, effective_return_date, status) VALUES ('f80a8f56-ebca-4ad7-b60c-2bf780233a46', '52c40b95-6e43-49e8-b31d-89c4221a640d', '17ab5163-4d91-4120-94f5-aeeb7bc6b90f', '2024-07-13T17:16:13.047549', '2024-07-21T17:16:13.047549', '2024-07-24T17:16:13.047549', '2024-07-21T17:16:13.047549', '2024-07-24T17:16:13.047549', 'RETURNED_ON_TIME');
INSERT INTO borrow_records (id, item_id, borrowed_by, reservation_date, start_date, end_date, pickup_date, effective_return_date, status) VALUES ('186230ca-329c-47ad-88ec-c6e34ffe7f99', '52c40b95-6e43-49e8-b31d-89c4221a640d', '1f8a2e17-1275-45fd-9fc0-06604605b610', '2025-01-28T17:16:13.047667', '2025-02-13T17:16:13.047667', '2025-02-26T17:16:13.047667', '2025-02-13T17:16:13.047667', NULL, 'BORROWED_LATE');
INSERT INTO items (id, name, description, short_description, image_url, located, created_at, borrow_count, favorite, owner, library_id, category_id, community_id) VALUES ('124c1dd6-26a2-4398-9bb7-daf05ea8e216', 'Cisailles de jardin.', 'Élagage de haies et d''arbustes, parfait pour tailler, couper les haies ou délimiter une pelouse. Résumé : Service d''élagage de haies et d''arbustes pour une taille précise et une délimitation parfaite.', 'Service d''élagage de haies et d''arbustes pour une taille précise et une délimitation parfaite.', '/items/Garden_Shears.jpg', '', '2025-02-24T17:16:26.982876', 14, False, '', '0f7f3e75-eb14-46af-99f9-4be2c6e91142', '63348a2c-ac59-42bf-a60f-f942051ff8ed', 'e4a76fa5-33c4-404d-bcf0-effd818874e4');
INSERT INTO borrow_records (id, item_id, borrowed_by, reservation_date, start_date, end_date, pickup_date, effective_return_date, status) VALUES ('ec5382b5-090b-4cd6-8071-18e71cbe5e6a', '124c1dd6-26a2-4398-9bb7-daf05ea8e216', 'd1d0de66-aad8-47c3-b67a-5977ed69b864', '2024-09-16T17:16:26.982975', '2024-10-15T17:16:26.982975', '2024-10-28T17:16:26.982975', '2024-10-15T17:16:26.982975', '2024-10-28T17:16:26.982975', 'RETURNED_ON_TIME');
INSERT INTO borrow_records (id, item_id, borrowed_by, reservation_date, start_date, end_date, pickup_date, effective_return_date, status) VALUES ('ea9cc016-1af9-47a4-8cdf-be86472f4ea0', '124c1dd6-26a2-4398-9bb7-daf05ea8e216', 'b5d13fc6-d9a4-4459-adf6-e77a8d220e95', '2024-08-22T17:16:26.983067', '2024-08-26T17:16:26.983067', '2024-09-09T17:16:26.983067', '2024-08-26T17:16:26.983067', NULL, 'BORROWED_LATE');
INSERT INTO borrow_records (id, item_id, borrowed_by, reservation_date, start_date, end_date, pickup_date, effective_return_date, status) VALUES ('6f4b536e-737a-40e9-bdc5-79d263b7a6b7', '124c1dd6-26a2-4398-9bb7-daf05ea8e216', '08098122-8fa3-4c22-97b8-f151bd138ade', '2024-04-30T17:16:26.983118', '2024-05-30T17:16:26.983118', '2024-06-01T17:16:26.983118', '2024-05-30T17:16:26.983118', NULL, 'BORROWED_LATE');
INSERT INTO borrow_records (id, item_id, borrowed_by, reservation_date, start_date, end_date, pickup_date, effective_return_date, status) VALUES ('58353a78-7f1a-47e0-be9d-c70d058732a9', '124c1dd6-26a2-4398-9bb7-daf05ea8e216', 'f0a62726-517a-4c6e-8b75-8ad7a17c44a7', '2024-11-27T17:16:26.983166', '2024-11-30T17:16:26.983166', '2024-12-07T17:16:26.983166', '2024-11-30T17:16:26.983166', NULL, 'RESERVED_CONFIRMED');
INSERT INTO items (id, name, description, short_description, image_url, located, created_at, borrow_count, favorite, owner, library_id, category_id, community_id) VALUES ('1de1c6a0-6bc2-4b54-bc9a-d3fcc6137cb1', 'ébrancheurs.', 'Taillez les brindilles et les petites branches.  Résumé : Taillez les petites branches et brindilles.', 'Taillez les petites branches et brindilles.', '/items/Loppers.jpg', '', '2025-02-24T17:16:31.636034', 1, False, '', '0f7f3e75-eb14-46af-99f9-4be2c6e91142', '36bce973-d075-45ea-945d-32469a616178', 'e4a76fa5-33c4-404d-bcf0-effd818874e4');
INSERT INTO borrow_records (id, item_id, borrowed_by, reservation_date, start_date, end_date, pickup_date, effective_return_date, status) VALUES ('538c9da0-b19c-4b1d-8aa7-4ff931f16772', '1de1c6a0-6bc2-4b54-bc9a-d3fcc6137cb1', '75933925-2d69-48c8-9254-aaef1324bb6a', '2024-02-25T17:16:31.636083', '2024-03-04T17:16:31.636083', '2024-03-08T17:16:31.636083', '2024-03-04T17:16:31.636083', '2024-03-08T17:16:31.636083', 'RETURNED_ON_TIME');
INSERT INTO borrow_records (id, item_id, borrowed_by, reservation_date, start_date, end_date, pickup_date, effective_return_date, status) VALUES ('93bcd12b-bb9b-43ee-b5be-702d24abf15e', '1de1c6a0-6bc2-4b54-bc9a-d3fcc6137cb1', '17ab5163-4d91-4120-94f5-aeeb7bc6b90f', '2024-06-01T17:16:31.636127', '2024-06-29T17:16:31.636127', '2024-07-08T17:16:31.636127', '2024-06-29T17:16:31.636127', NULL, 'BORROWED_LATE');
INSERT INTO borrow_records (id, item_id, borrowed_by, reservation_date, start_date, end_date, pickup_date, effective_return_date, status) VALUES ('a5643475-47f9-4c87-92b1-2eda5ad98c66', '1de1c6a0-6bc2-4b54-bc9a-d3fcc6137cb1', '17ab5163-4d91-4120-94f5-aeeb7bc6b90f', '2024-06-23T17:16:31.636154', '2024-06-25T17:16:31.636154', '2024-06-29T17:16:31.636154', '2024-06-25T17:16:31.636154', '2024-06-29T17:16:31.636154', 'RETURNED_ON_TIME');
INSERT INTO borrow_records (id, item_id, borrowed_by, reservation_date, start_date, end_date, pickup_date, effective_return_date, status) VALUES ('6b19071f-0c01-4c22-ab54-666c44536a48', '1de1c6a0-6bc2-4b54-bc9a-d3fcc6137cb1', '29e18a18-b129-4bb5-9008-16266318cf8f', '2024-10-06T17:16:31.636180', '2024-10-17T17:16:31.636180', '2024-10-22T17:16:31.636180', '2024-10-17T17:16:31.636180', NULL, 'RESERVED_CONFIRMED');
INSERT INTO borrow_records (id, item_id, borrowed_by, reservation_date, start_date, end_date, pickup_date, effective_return_date, status) VALUES ('692d1d39-ce89-471c-9783-741a5e39fe42', '1de1c6a0-6bc2-4b54-bc9a-d3fcc6137cb1', 'd1d0de66-aad8-47c3-b67a-5977ed69b864', '2024-05-01T17:16:31.636205', '2024-05-05T17:16:31.636205', '2024-05-10T17:16:31.636205', '2024-05-05T17:16:31.636205', NULL, 'BORROWED_LATE');
INSERT INTO items (id, name, description, short_description, image_url, located, created_at, borrow_count, favorite, owner, library_id, category_id, community_id) VALUES ('2149e2e7-f501-4319-beb4-6981d9d8c274', 'Détecteur multiple".', 'Vous permet de savoir où percer et où ne pas percer sur une surface en détectant les câbles sous tension, les métaux ferreux et non ferreux, ainsi que le bois. Cela est indiqué par un système de feux tricolores, un afficheur de centrage numérique et des signaux sonores d''avertissement.  Résumé : Détecteur de câbles, métaux et bois avec indications visuelles et sonores pour éviter les erreurs de perçage.', 'Détecteur de câbles, métaux et bois avec indications visuelles et sonores pour éviter les erreurs de perçage.', '/items/Multi_Detector.jpg', '', '2025-02-24T17:16:37.421177', 7, False, '', '8a6290e2-6f60-4937-85e8-17eca414ed3f', '6c1a1373-e615-4838-b277-9fcd23ddfaa4', '6061c04d-6988-4098-b924-dc209a1c04ae');
INSERT INTO borrow_records (id, item_id, borrowed_by, reservation_date, start_date, end_date, pickup_date, effective_return_date, status) VALUES ('8d3b147a-5323-4609-b190-0962dbbe7af5', '2149e2e7-f501-4319-beb4-6981d9d8c274', '1f8a2e17-1275-45fd-9fc0-06604605b610', '2024-12-06T17:16:37.421343', '2024-12-08T17:16:37.421343', '2024-12-11T17:16:37.421343', '2024-12-08T17:16:37.421343', NULL, 'RESERVED_CONFIRMED');
INSERT INTO borrow_records (id, item_id, borrowed_by, reservation_date, start_date, end_date, pickup_date, effective_return_date, status) VALUES ('f801bb78-77c4-4970-9c52-29f05beff985', '2149e2e7-f501-4319-beb4-6981d9d8c274', '75933925-2d69-48c8-9254-aaef1324bb6a', '2024-11-23T17:16:37.421466', '2024-12-18T17:16:37.421466', '2024-12-23T17:16:37.421466', '2024-12-18T17:16:37.421466', NULL, 'BORROWED_LATE');
INSERT INTO borrow_records (id, item_id, borrowed_by, reservation_date, start_date, end_date, pickup_date, effective_return_date, status) VALUES ('5f13b1bc-010c-453b-bc99-1cad7f30e68a', '2149e2e7-f501-4319-beb4-6981d9d8c274', '1bab3f31-992d-439a-9faa-c2ec9edc0cdc', '2024-03-01T17:16:37.421550', '2024-03-03T17:16:37.421550', '2024-03-12T17:16:37.421550', '2024-03-03T17:16:37.421550', '2024-03-12T17:16:37.421550', 'RETURNED_ON_TIME');
INSERT INTO borrow_records (id, item_id, borrowed_by, reservation_date, start_date, end_date, pickup_date, effective_return_date, status) VALUES ('f1a13206-4f71-4d18-bbc9-78a0e59fc7b7', '2149e2e7-f501-4319-beb4-6981d9d8c274', '10ef0370-94e8-4eaf-b1d0-f5fb72c78da3', '2024-06-26T17:16:37.421629', '2024-07-20T17:16:37.421629', '2024-07-25T17:16:37.421629', '2024-07-20T17:16:37.421629', NULL, 'RESERVED_CONFIRMED');
INSERT INTO borrow_records (id, item_id, borrowed_by, reservation_date, start_date, end_date, pickup_date, effective_return_date, status) VALUES ('6414161b-1ebd-4cd5-a9e0-19ab39340b56', '2149e2e7-f501-4319-beb4-6981d9d8c274', 'd1d0de66-aad8-47c3-b67a-5977ed69b864', '2025-01-14T17:16:37.421712', '2025-01-19T17:16:37.421712', '2025-01-27T17:16:37.421712', '2025-01-19T17:16:37.421712', '2025-01-27T17:16:37.421712', 'RETURNED_ON_TIME');
INSERT INTO items (id, name, description, short_description, image_url, located, created_at, borrow_count, favorite, owner, library_id, category_id, community_id) VALUES ('991cc245-9224-44c0-92cd-619fb037b2b7', 'Trousse de bricolage', 'Trousse à outils de base pour le bricolage et les réparations simples à la maison. Résumé : Trousse à outils pour bricolage et réparations à la maison.', 'Trousse à outils pour bricolage et réparations à la maison.', '/items/DIY_Toolkit.jpg', '', '2025-02-24T17:16:46.126251', 15, True, '', NULL, '8e1e8365-566c-4465-9d32-89a259007775', NULL);
INSERT INTO borrow_records (id, item_id, borrowed_by, reservation_date, start_date, end_date, pickup_date, effective_return_date, status) VALUES ('6ca0c6a3-f12b-4ade-ae16-a45ad0db60f4', '991cc245-9224-44c0-92cd-619fb037b2b7', '10ef0370-94e8-4eaf-b1d0-f5fb72c78da3', '2024-11-15T17:16:46.126342', '2024-11-27T17:16:46.126342', '2024-12-03T17:16:46.126342', '2024-11-27T17:16:46.126342', '2024-12-03T17:16:46.126342', 'RETURNED_ON_TIME');
INSERT INTO borrow_records (id, item_id, borrowed_by, reservation_date, start_date, end_date, pickup_date, effective_return_date, status) VALUES ('25b8dbc6-d59b-46d3-be80-4196b8106487', '991cc245-9224-44c0-92cd-619fb037b2b7', 'b5d13fc6-d9a4-4459-adf6-e77a8d220e95', '2024-04-25T17:16:46.126437', '2024-05-12T17:16:46.126437', '2024-05-21T17:16:46.126437', '2024-05-12T17:16:46.126437', NULL, 'RESERVED_CONFIRMED');
INSERT INTO borrow_records (id, item_id, borrowed_by, reservation_date, start_date, end_date, pickup_date, effective_return_date, status) VALUES ('666b45e5-3b1a-45ff-8eaa-47d5a8555a66', '991cc245-9224-44c0-92cd-619fb037b2b7', '1f8a2e17-1275-45fd-9fc0-06604605b610', '2024-05-30T17:16:46.126498', '2024-06-18T17:16:46.126498', '2024-07-02T17:16:46.126498', '2024-06-18T17:16:46.126498', NULL, 'BORROWED_LATE');
INSERT INTO borrow_records (id, item_id, borrowed_by, reservation_date, start_date, end_date, pickup_date, effective_return_date, status) VALUES ('27abcb84-0f35-44d8-95f1-b756d2195acb', '991cc245-9224-44c0-92cd-619fb037b2b7', '17ab5163-4d91-4120-94f5-aeeb7bc6b90f', '2024-08-11T17:16:46.126559', '2024-08-21T17:16:46.126559', '2024-08-28T17:16:46.126559', '2024-08-21T17:16:46.126559', NULL, 'BORROWED_LATE');
INSERT INTO borrow_records (id, item_id, borrowed_by, reservation_date, start_date, end_date, pickup_date, effective_return_date, status) VALUES ('228b1feb-e1b3-464a-9ade-25ee3d8e33f1', '991cc245-9224-44c0-92cd-619fb037b2b7', 'dd5b5b29-3176-4a9f-bef5-4dc62e6fad1e', '2024-03-21T17:16:46.126619', '2024-03-26T17:16:46.126619', '2024-04-02T17:16:46.126619', '2024-03-26T17:16:46.126619', NULL, 'RESERVED_CONFIRMED');
INSERT INTO items (id, name, description, short_description, image_url, located, created_at, borrow_count, favorite, owner, library_id, category_id, community_id) VALUES ('31535a32-f201-42c3-ad2d-1fdb7e414f0b', 'Diable pliant', 'Cadre en acier facilement convertible à 2 ou 4 roues pour transporter des articles surdimensionnés à la maison ou au bureau. Effectue tout le travail de levage pour déplacer des cartons ou des marchandises lourdes.  Résumé : Cadre en acier convertible à 2 ou 4 roues pour transporter des objets lourds sans effort.', 'Cadre en acier convertible à 2 ou 4 roues pour transporter des objets lourds sans effort.', '/items/Sack_Truck_(folding).jpg', '', '2025-02-24T17:17:01.966047', 1, True, '', 'b23babba-0b2f-4bff-b418-ebee03115389', '63348a2c-ac59-42bf-a60f-f942051ff8ed', '09ee1c7b-fc45-4675-a597-057ce1b5847f');
INSERT INTO borrow_records (id, item_id, borrowed_by, reservation_date, start_date, end_date, pickup_date, effective_return_date, status) VALUES ('75060ca8-8578-47ed-9927-1254e3c32307', '31535a32-f201-42c3-ad2d-1fdb7e414f0b', '17ab5163-4d91-4120-94f5-aeeb7bc6b90f', '2024-08-19T17:17:01.966165', '2024-09-16T17:17:01.966165', '2024-09-17T17:17:01.966165', '2024-09-16T17:17:01.966165', NULL, 'RESERVED_CONFIRMED');
INSERT INTO borrow_records (id, item_id, borrowed_by, reservation_date, start_date, end_date, pickup_date, effective_return_date, status) VALUES ('74c82b8e-041b-4ee2-aba6-7c4ee470d695', '31535a32-f201-42c3-ad2d-1fdb7e414f0b', '75933925-2d69-48c8-9254-aaef1324bb6a', '2024-04-19T17:17:01.966282', '2024-05-06T17:17:01.966282', '2024-05-17T17:17:01.966282', '2024-05-06T17:17:01.966282', '2024-05-17T17:17:01.966282', 'RETURNED_ON_TIME');
INSERT INTO borrow_records (id, item_id, borrowed_by, reservation_date, start_date, end_date, pickup_date, effective_return_date, status) VALUES ('ff2f5b8a-78df-45ef-a355-83f97a6d3179', '31535a32-f201-42c3-ad2d-1fdb7e414f0b', 'd1d0de66-aad8-47c3-b67a-5977ed69b864', '2024-05-24T17:17:01.966354', '2024-06-03T17:17:01.966354', '2024-06-14T17:17:01.966354', '2024-06-03T17:17:01.966354', NULL, 'BORROWED_LATE');
INSERT INTO items (id, name, description, short_description, image_url, located, created_at, borrow_count, favorite, owner, library_id, category_id, community_id) VALUES ('083a0dde-19df-45e4-92aa-9e74ba1dac49', 'Humidimètre."', 'Mesure la teneur en humidité dans le bois et la maçonnerie, utile pour détecter les fuites d''eau cachées et identifier les problèmes d''humidité ou de condensation. Résumé : Mesure l''humidité dans le bois et la maçonnerie pour détecter les fuites d''eau et les problèmes d''humidité.', 'Mesure l''humidité dans le bois et la maçonnerie pour détecter les fuites d''eau et les problèmes d''humidité.', '/items/Moisture_Meter.jpg', '', '2025-02-24T17:17:08.370082', 18, False, '', 'b23babba-0b2f-4bff-b418-ebee03115389', '63348a2c-ac59-42bf-a60f-f942051ff8ed', '09ee1c7b-fc45-4675-a597-057ce1b5847f');
INSERT INTO borrow_records (id, item_id, borrowed_by, reservation_date, start_date, end_date, pickup_date, effective_return_date, status) VALUES ('e4593463-8b52-4708-af1a-658e6459dea9', '083a0dde-19df-45e4-92aa-9e74ba1dac49', '1f8a2e17-1275-45fd-9fc0-06604605b610', '2024-03-29T17:17:08.370248', '2024-04-24T17:17:08.370248', '2024-04-27T17:17:08.370248', '2024-04-24T17:17:08.370248', NULL, 'RESERVED_CONFIRMED');
INSERT INTO items (id, name, description, short_description, image_url, located, created_at, borrow_count, favorite, owner, library_id, category_id, community_id) VALUES ('ba28522c-d951-46bb-bf49-80a432a4b7c8', 'Caméra thermique', 'Il vous aide à visualiser les zones chaudes et froides qui peuvent indiquer des pannes électriques, des pannes mécaniques, ou des fuites d''air et d''eau.  Résumé : Visualisez les zones chaudes et froides pour détecter les pannes électriques, mécaniques et les fuites.', 'Visualisez les zones chaudes et froides pour détecter les pannes électriques, mécaniques et les fuites.', '/items/Thermal_Imaging_Camera.jpg', '', '2025-02-24T17:17:16.715963', 17, False, '', '0f7f3e75-eb14-46af-99f9-4be2c6e91142', 'c399cacc-1607-402c-9f1d-1d8ef6ae6585', 'e4a76fa5-33c4-404d-bcf0-effd818874e4');
INSERT INTO borrow_records (id, item_id, borrowed_by, reservation_date, start_date, end_date, pickup_date, effective_return_date, status) VALUES ('2f07e639-7184-4fdd-b861-69a571ae6c49', 'ba28522c-d951-46bb-bf49-80a432a4b7c8', '10ef0370-94e8-4eaf-b1d0-f5fb72c78da3', '2024-09-19T17:17:16.716045', '2024-09-29T17:17:16.716045', '2024-10-11T17:17:16.716045', '2024-09-29T17:17:16.716045', NULL, 'BORROWED_LATE');
INSERT INTO borrow_records (id, item_id, borrowed_by, reservation_date, start_date, end_date, pickup_date, effective_return_date, status) VALUES ('ee67bc53-690a-4d8d-bfdf-8fd96826d415', 'ba28522c-d951-46bb-bf49-80a432a4b7c8', 'b5d13fc6-d9a4-4459-adf6-e77a8d220e95', '2024-07-27T17:17:16.716196', '2024-08-04T17:17:16.716196', '2024-08-13T17:17:16.716196', '2024-08-04T17:17:16.716196', NULL, 'RESERVED_CONFIRMED');
INSERT INTO borrow_records (id, item_id, borrowed_by, reservation_date, start_date, end_date, pickup_date, effective_return_date, status) VALUES ('864e4c17-6414-4412-be87-da0544d2492f', 'ba28522c-d951-46bb-bf49-80a432a4b7c8', '9239365a-7d91-4651-9d0d-d0a8048e9301', '2024-07-14T17:17:16.716252', '2024-07-22T17:17:16.716252', '2024-07-24T17:17:16.716252', '2024-07-22T17:17:16.716252', '2024-07-24T17:17:16.716252', 'RETURNED_ON_TIME');
INSERT INTO borrow_records (id, item_id, borrowed_by, reservation_date, start_date, end_date, pickup_date, effective_return_date, status) VALUES ('a3b02492-d582-4dd7-a5ba-8f79a6386da3', 'ba28522c-d951-46bb-bf49-80a432a4b7c8', '1f8a2e17-1275-45fd-9fc0-06604605b610', '2024-12-13T17:17:16.716310', '2024-12-17T17:17:16.716310', '2024-12-23T17:17:16.716310', '2024-12-17T17:17:16.716310', NULL, 'BORROWED_LATE');
INSERT INTO items (id, name, description, short_description, image_url, located, created_at, borrow_count, favorite, owner, library_id, category_id, community_id) VALUES ('7c6fba0d-8bef-4b72-bcce-fb24a6312c66', 'Sécateur', 'Utilisation pour l''élagage des arbres, des buissons et la coupe des fleurs fanées.  Résumé : Outil pour tailler arbres, buissons et fleurs fanées.', 'Outil pour tailler arbres, buissons et fleurs fanées.', '/items/Secateurs.jpg', '', '2025-02-24T17:17:19.958876', 6, False, '', 'b23babba-0b2f-4bff-b418-ebee03115389', '63348a2c-ac59-42bf-a60f-f942051ff8ed', '09ee1c7b-fc45-4675-a597-057ce1b5847f');
INSERT INTO borrow_records (id, item_id, borrowed_by, reservation_date, start_date, end_date, pickup_date, effective_return_date, status) VALUES ('20d4ee05-3b6c-47ef-b824-06cb207a7638', '7c6fba0d-8bef-4b72-bcce-fb24a6312c66', '17ab5163-4d91-4120-94f5-aeeb7bc6b90f', '2024-08-22T17:17:19.958917', '2024-09-05T17:17:19.958917', '2024-09-09T17:17:19.958917', '2024-09-05T17:17:19.958917', NULL, 'RESERVED_CONFIRMED');
INSERT INTO borrow_records (id, item_id, borrowed_by, reservation_date, start_date, end_date, pickup_date, effective_return_date, status) VALUES ('d07a529a-6e3e-4c21-8c1d-a054c8fe2aa6', '7c6fba0d-8bef-4b72-bcce-fb24a6312c66', '072bae74-494f-4aff-9ab5-77968851a059', '2024-07-20T17:17:19.958958', '2024-07-28T17:17:19.958958', '2024-08-09T17:17:19.958958', '2024-07-28T17:17:19.958958', '2024-08-09T17:17:19.958958', 'RETURNED_ON_TIME');
INSERT INTO items (id, name, description, short_description, image_url, located, created_at, borrow_count, favorite, owner, library_id, category_id, community_id) VALUES ('2e2c0d63-6b80-44fb-b674-a62adb76d4f4', 'Multi-outil', 'L''outil parfait pour accéder aux endroits difficiles. Les Multi Cutters ont une lame oscillante pour des coupes précises.   Résumé : Outil parfait pour accéder aux endroits difficiles avec une lame oscillante pour des coupes précises.', 'Outil parfait pour accéder aux endroits difficiles avec une lame oscillante pour des coupes précises.', '/items/Multi-Cutter.jpg', '', '2025-02-24T17:17:29.323949', 9, False, '', NULL, '6c1a1373-e615-4838-b277-9fcd23ddfaa4', NULL);
INSERT INTO borrow_records (id, item_id, borrowed_by, reservation_date, start_date, end_date, pickup_date, effective_return_date, status) VALUES ('a31fef62-8d9f-4bfe-973c-a40df7b52288', '2e2c0d63-6b80-44fb-b674-a62adb76d4f4', '29e18a18-b129-4bb5-9008-16266318cf8f', '2024-09-12T17:17:29.324081', '2024-09-30T17:17:29.324081', '2024-10-11T17:17:29.324081', '2024-09-30T17:17:29.324081', NULL, 'RESERVED_CONFIRMED');
INSERT INTO borrow_records (id, item_id, borrowed_by, reservation_date, start_date, end_date, pickup_date, effective_return_date, status) VALUES ('933a842d-80df-4b35-89bb-35ace0f2d08a', '2e2c0d63-6b80-44fb-b674-a62adb76d4f4', 'dd5b5b29-3176-4a9f-bef5-4dc62e6fad1e', '2024-06-20T17:17:29.324192', '2024-07-20T17:17:29.324192', '2024-08-02T17:17:29.324192', '2024-07-20T17:17:29.324192', NULL, 'RESERVED_CONFIRMED');
INSERT INTO borrow_records (id, item_id, borrowed_by, reservation_date, start_date, end_date, pickup_date, effective_return_date, status) VALUES ('1ce1186f-f122-4570-bcf5-e5d63116a645', '2e2c0d63-6b80-44fb-b674-a62adb76d4f4', '29e18a18-b129-4bb5-9008-16266318cf8f', '2024-11-18T17:17:29.324265', '2024-12-06T17:17:29.324265', '2024-12-11T17:17:29.324265', '2024-12-06T17:17:29.324265', NULL, 'BORROWED_LATE');
INSERT INTO borrow_records (id, item_id, borrowed_by, reservation_date, start_date, end_date, pickup_date, effective_return_date, status) VALUES ('1c8a2a90-a5ab-43c4-ae48-1abf24da2c99', '2e2c0d63-6b80-44fb-b674-a62adb76d4f4', 'd1d0de66-aad8-47c3-b67a-5977ed69b864', '2024-02-19T17:17:29.324332', '2024-03-20T17:17:29.324332', '2024-03-22T17:17:29.324332', '2024-03-20T17:17:29.324332', NULL, 'RESERVED_CONFIRMED');
INSERT INTO borrow_records (id, item_id, borrowed_by, reservation_date, start_date, end_date, pickup_date, effective_return_date, status) VALUES ('fbe30478-1867-4857-81a6-6e9c58da32b5', '2e2c0d63-6b80-44fb-b674-a62adb76d4f4', '75933925-2d69-48c8-9254-aaef1324bb6a', '2024-08-23T17:17:29.324402', '2024-09-08T17:17:29.324402', '2024-09-12T17:17:29.324402', '2024-09-08T17:17:29.324402', '2024-09-12T17:17:29.324402', 'RETURNED_ON_TIME');
INSERT INTO items (id, name, description, short_description, image_url, located, created_at, borrow_count, favorite, owner, library_id, category_id, community_id) VALUES ('a298e19b-f029-4322-948c-ca244a9deaa0', 'Chariot (pliable)', 'Facilite le transport d''objets d''un point A à un point B, que ce soit pour sortir vos outils de jardin, porter vos courses ou transporter des articles lors d''événements.  Résumé : Facilite le transport d''objets pour toutes occasions.', 'Facilite le transport d''objets pour toutes occasions.', '/items/Trolley_(folding).jpg', '', '2025-02-24T17:17:35.353659', 11, False, '', 'b90d424d-8078-4169-94a1-4bbb795e379a', '6c1a1373-e615-4838-b277-9fcd23ddfaa4', '97ec6ea0-7834-422b-9385-1a274c3e3325');
INSERT INTO borrow_records (id, item_id, borrowed_by, reservation_date, start_date, end_date, pickup_date, effective_return_date, status) VALUES ('73b4d35f-3d78-4253-8556-0b7ba58b6c51', 'a298e19b-f029-4322-948c-ca244a9deaa0', '9239365a-7d91-4651-9d0d-d0a8048e9301', '2024-07-21T17:17:35.353842', '2024-08-15T17:17:35.353842', '2024-08-21T17:17:35.353842', '2024-08-15T17:17:35.353842', NULL, 'BORROWED_LATE');
INSERT INTO items (id, name, description, short_description, image_url, located, created_at, borrow_count, favorite, owner, library_id, category_id, community_id) VALUES ('62fb31fa-804b-482f-8605-d16358f747a5', 'déchiqueteuse', 'Tant nos destructeurs de documents Fellowes que ceux de Bonsaii déchiquettent au moins 8 feuilles de format A4 à la fois et permettent de se débarrasser des documents confidentiels en toute sécurité !  Résumé : Destructeurs de documents Fellowes et Bonsaii déchiquettent 8 feuilles A4 à la fois pour une destruction sécurisée des documents confidentiels.', 'Destructeurs de documents Fellowes et Bonsaii déchiquettent 8 feuilles A4 à la fois pour une destruction sécurisée des documents confidentiels.', '/items/Shredder.jpg', '', '2025-02-24T17:17:46.927745', 13, True, '', 'b0019dc5-e2c1-4e08-a439-3d6680f10cb1', '63348a2c-ac59-42bf-a60f-f942051ff8ed', 'd40ad763-1bed-43e7-bbd4-eb10ce50571c');
INSERT INTO borrow_records (id, item_id, borrowed_by, reservation_date, start_date, end_date, pickup_date, effective_return_date, status) VALUES ('3919c0b5-92f9-48f9-8842-371dcb3a472d', '62fb31fa-804b-482f-8605-d16358f747a5', 'f0a62726-517a-4c6e-8b75-8ad7a17c44a7', '2024-02-25T17:17:46.927897', '2024-03-14T17:17:46.927897', '2024-03-24T17:17:46.927897', '2024-03-14T17:17:46.927897', '2024-03-24T17:17:46.927897', 'RETURNED_ON_TIME');
INSERT INTO items (id, name, description, short_description, image_url, located, created_at, borrow_count, favorite, owner, library_id, category_id, community_id) VALUES ('6e98eab8-c417-43c5-a841-988dea1081a3', 'Nettoyeur haute pression portatif (sans fil)', 'Utilise de l''eau à haute pression pour éliminer la saleté et la crasse. Parfait pour les tâches quotidiennes rapides comme le lavage de vélo, meubles de jardin, outils ou nettoyage ponctuel de la voiture. Alimenté par batterie, pratique et portable pour les petites tâches. Idéal pour pots de fleurs, vélos, meubles de jardin, équipements de jardin, motos et poubelles. Résumé : Nettoyeur haute pression portable, idéal pour l''entretien rapide de divers objets et espaces extérieurs.', 'Nettoyeur haute pression portable, idéal pour l''entretien rapide de divers objets et espaces extérieurs.', '/items/Handheld_Pressure_Washer_(cordless).jpg', '', '2025-02-24T17:18:01.132107', 19, True, '', '8a6290e2-6f60-4937-85e8-17eca414ed3f', '36bce973-d075-45ea-945d-32469a616178', '6061c04d-6988-4098-b924-dc209a1c04ae');
INSERT INTO borrow_records (id, item_id, borrowed_by, reservation_date, start_date, end_date, pickup_date, effective_return_date, status) VALUES ('c1ca45a9-5436-4fba-95de-5c26d6dba78f', '6e98eab8-c417-43c5-a841-988dea1081a3', '08098122-8fa3-4c22-97b8-f151bd138ade', '2024-12-25T17:18:01.132222', '2025-01-18T17:18:01.132222', '2025-01-21T17:18:01.132222', '2025-01-18T17:18:01.132222', '2025-01-21T17:18:01.132222', 'RETURNED_ON_TIME');
INSERT INTO items (id, name, description, short_description, image_url, located, created_at, borrow_count, favorite, owner, library_id, category_id, community_id) VALUES ('1b6c454a-4bcd-4890-bb26-769814a14573', 'Télémètre laser', 'Utilisez un laser pour calculer et mesurer les distances avec précision.  Résumé : Mesurez les distances avec précision en utilisant un laser.', 'Mesurez les distances avec précision en utilisant un laser.', '/items/Laser_Measure.jpg', '', '2025-02-24T17:18:05.093785', 5, True, '', 'b90d424d-8078-4169-94a1-4bbb795e379a', '8e1e8365-566c-4465-9d32-89a259007775', '97ec6ea0-7834-422b-9385-1a274c3e3325');
INSERT INTO borrow_records (id, item_id, borrowed_by, reservation_date, start_date, end_date, pickup_date, effective_return_date, status) VALUES ('f0909f7a-97b6-4f90-b52e-73a37e39556b', '1b6c454a-4bcd-4890-bb26-769814a14573', '08098122-8fa3-4c22-97b8-f151bd138ade', '2024-08-16T17:18:05.093934', '2024-08-19T17:18:05.093934', '2024-08-27T17:18:05.093934', '2024-08-19T17:18:05.093934', NULL, 'BORROWED_LATE');
INSERT INTO borrow_records (id, item_id, borrowed_by, reservation_date, start_date, end_date, pickup_date, effective_return_date, status) VALUES ('5b7b0bcb-f96a-4ac8-a27c-9973bd5f4a40', '1b6c454a-4bcd-4890-bb26-769814a14573', '9239365a-7d91-4651-9d0d-d0a8048e9301', '2024-05-20T17:18:05.094049', '2024-06-04T17:18:05.094049', '2024-06-06T17:18:05.094049', '2024-06-04T17:18:05.094049', '2024-06-06T17:18:05.094049', 'RETURNED_ON_TIME');
INSERT INTO borrow_records (id, item_id, borrowed_by, reservation_date, start_date, end_date, pickup_date, effective_return_date, status) VALUES ('28f96fa2-eb91-41d8-9380-22b2a964d091', '1b6c454a-4bcd-4890-bb26-769814a14573', '9239365a-7d91-4651-9d0d-d0a8048e9301', '2025-01-10T17:18:05.094116', '2025-02-09T17:18:05.094116', '2025-02-15T17:18:05.094116', '2025-02-09T17:18:05.094116', NULL, 'BORROWED_LATE');
INSERT INTO borrow_records (id, item_id, borrowed_by, reservation_date, start_date, end_date, pickup_date, effective_return_date, status) VALUES ('de16905f-d8c4-4e4e-a9da-77e96920a4a8', '1b6c454a-4bcd-4890-bb26-769814a14573', '10ef0370-94e8-4eaf-b1d0-f5fb72c78da3', '2024-03-03T17:18:05.094179', '2024-03-30T17:18:05.094179', '2024-04-04T17:18:05.094179', '2024-03-30T17:18:05.094179', '2024-04-04T17:18:05.094179', 'RETURNED_ON_TIME');
INSERT INTO borrow_records (id, item_id, borrowed_by, reservation_date, start_date, end_date, pickup_date, effective_return_date, status) VALUES ('ee21744f-e6f0-469d-9d1e-ff9bd0370b12', '1b6c454a-4bcd-4890-bb26-769814a14573', '29e18a18-b129-4bb5-9008-16266318cf8f', '2024-03-26T17:18:05.094372', '2024-04-08T17:18:05.094372', '2024-04-15T17:18:05.094372', '2024-04-08T17:18:05.094372', NULL, 'RESERVED_CONFIRMED');
INSERT INTO items (id, name, description, short_description, image_url, located, created_at, borrow_count, favorite, owner, library_id, category_id, community_id) VALUES ('d9e59990-0563-4744-9b28-9729eb755ece', 'Niveau laser', 'Convient pour divers travaux nécessitant un nivellement : pose d''étagères, fenêtres, tuyaux de drainage et sols. Résumé : Outil idéal pour nivellement lors de divers travaux.', 'Outil idéal pour nivellement lors de divers travaux.', '/items/Laser_Level.jpg', '', '2025-02-24T17:18:10.870077', 18, False, '', '0f7f3e75-eb14-46af-99f9-4be2c6e91142', '8e1e8365-566c-4465-9d32-89a259007775', 'e4a76fa5-33c4-404d-bcf0-effd818874e4');
INSERT INTO borrow_records (id, item_id, borrowed_by, reservation_date, start_date, end_date, pickup_date, effective_return_date, status) VALUES ('1e13ce5c-6b53-4994-8bff-cbc223ef3c7e', 'd9e59990-0563-4744-9b28-9729eb755ece', '9239365a-7d91-4651-9d0d-d0a8048e9301', '2024-09-01T17:18:10.870243', '2024-09-20T17:18:10.870243', '2024-09-25T17:18:10.870243', '2024-09-20T17:18:10.870243', NULL, 'RESERVED_CONFIRMED');
INSERT INTO borrow_records (id, item_id, borrowed_by, reservation_date, start_date, end_date, pickup_date, effective_return_date, status) VALUES ('3a72c852-adbb-4d7d-a814-9ad86b56bf8e', 'd9e59990-0563-4744-9b28-9729eb755ece', '08098122-8fa3-4c22-97b8-f151bd138ade', '2025-02-04T17:18:10.870398', '2025-02-18T17:18:10.870398', '2025-02-23T17:18:10.870398', '2025-02-18T17:18:10.870398', '2025-02-23T17:18:10.870398', 'RETURNED_ON_TIME');
INSERT INTO borrow_records (id, item_id, borrowed_by, reservation_date, start_date, end_date, pickup_date, effective_return_date, status) VALUES ('fc69eed5-2318-43d5-ad9d-3d362d56c64b', 'd9e59990-0563-4744-9b28-9729eb755ece', 'f0a62726-517a-4c6e-8b75-8ad7a17c44a7', '2024-09-28T17:18:10.870487', '2024-10-19T17:18:10.870487', '2024-10-28T17:18:10.870487', '2024-10-19T17:18:10.870487', NULL, 'RESERVED_CONFIRMED');
INSERT INTO borrow_records (id, item_id, borrowed_by, reservation_date, start_date, end_date, pickup_date, effective_return_date, status) VALUES ('6469028a-b8e4-40cf-9a48-c0ce1e7cd1dc', 'd9e59990-0563-4744-9b28-9729eb755ece', '75933925-2d69-48c8-9254-aaef1324bb6a', '2024-03-27T17:18:10.870591', '2024-04-20T17:18:10.870591', '2024-04-29T17:18:10.870591', '2024-04-20T17:18:10.870591', NULL, 'BORROWED_LATE');
INSERT INTO borrow_records (id, item_id, borrowed_by, reservation_date, start_date, end_date, pickup_date, effective_return_date, status) VALUES ('4b760918-0d79-414a-8473-3306f596ce56', 'd9e59990-0563-4744-9b28-9729eb755ece', '1f8a2e17-1275-45fd-9fc0-06604605b610', '2024-08-24T17:18:10.870674', '2024-09-22T17:18:10.870674', '2024-10-06T17:18:10.870674', '2024-09-22T17:18:10.870674', NULL, 'BORROWED_LATE');
INSERT INTO items (id, name, description, short_description, image_url, located, created_at, borrow_count, favorite, owner, library_id, category_id, community_id) VALUES ('6a89fc8d-7656-4e0d-86a9-10975c8fb103', 'Écran de projecteur".', 'Une surface reposant au sol pour projeter films ou présentations, intérieur ou extérieur. Facile à utiliser : déclipser le boîtier, déplier les pieds, tirer l''écran.   Résumé : Surface de projection facile à utiliser pour films ou présentations, intérieur ou extérieur.', 'Surface de projection facile à utiliser pour films ou présentations, intérieur ou extérieur.', '/items/Projector_Screen.jpg', '', '2025-02-24T17:18:25.715366', 14, False, '', 'b23babba-0b2f-4bff-b418-ebee03115389', '8e1e8365-566c-4465-9d32-89a259007775', '09ee1c7b-fc45-4675-a597-057ce1b5847f');
INSERT INTO borrow_records (id, item_id, borrowed_by, reservation_date, start_date, end_date, pickup_date, effective_return_date, status) VALUES ('c1a960e2-f59d-41b9-b80c-2c122fc2166b', '6a89fc8d-7656-4e0d-86a9-10975c8fb103', 'f0a62726-517a-4c6e-8b75-8ad7a17c44a7', '2024-11-02T17:18:25.715488', '2024-11-26T17:18:25.715488', '2024-11-29T17:18:25.715488', '2024-11-26T17:18:25.715488', NULL, 'BORROWED_LATE');
INSERT INTO items (id, name, description, short_description, image_url, located, created_at, borrow_count, favorite, owner, library_id, category_id, community_id) VALUES ('a4dff131-483f-46ae-aa40-08d97f5ffce0', 'Aspirateur de Vitres."', 'Facilite le nettoyage des fenêtres, des parois de douche et des surfaces sans créer de traces. Il est également excellent pour éliminer la condensation.  Résumé : Nettoie et élimine la condensation sans laisser de traces.', 'Nettoie et élimine la condensation sans laisser de traces.', '/items/Window_Vac.jpg', '', '2025-02-24T17:18:30.921566', 4, True, '', '0f7f3e75-eb14-46af-99f9-4be2c6e91142', 'c399cacc-1607-402c-9f1d-1d8ef6ae6585', 'e4a76fa5-33c4-404d-bcf0-effd818874e4');
INSERT INTO borrow_records (id, item_id, borrowed_by, reservation_date, start_date, end_date, pickup_date, effective_return_date, status) VALUES ('135c54a7-489c-4cc3-9840-fadf23847a6a', 'a4dff131-483f-46ae-aa40-08d97f5ffce0', '072bae74-494f-4aff-9ab5-77968851a059', '2024-10-21T17:18:30.921635', '2024-10-22T17:18:30.921635', '2024-11-01T17:18:30.921635', '2024-10-22T17:18:30.921635', NULL, 'BORROWED_LATE');
INSERT INTO borrow_records (id, item_id, borrowed_by, reservation_date, start_date, end_date, pickup_date, effective_return_date, status) VALUES ('0d7fc686-5a24-464e-bcd5-09ef61b5cd02', 'a4dff131-483f-46ae-aa40-08d97f5ffce0', 'dd5b5b29-3176-4a9f-bef5-4dc62e6fad1e', '2024-10-09T17:18:30.921704', '2024-10-21T17:18:30.921704', '2024-11-04T17:18:30.921704', '2024-10-21T17:18:30.921704', NULL, 'RESERVED_CONFIRMED');
INSERT INTO borrow_records (id, item_id, borrowed_by, reservation_date, start_date, end_date, pickup_date, effective_return_date, status) VALUES ('269ced14-e2e5-4a73-a24f-e9c50cef1872', 'a4dff131-483f-46ae-aa40-08d97f5ffce0', 'd1d0de66-aad8-47c3-b67a-5977ed69b864', '2024-10-22T17:18:30.921748', '2024-11-03T17:18:30.921748', '2024-11-11T17:18:30.921748', '2024-11-03T17:18:30.921748', '2024-11-11T17:18:30.921748', 'RETURNED_ON_TIME');
INSERT INTO borrow_records (id, item_id, borrowed_by, reservation_date, start_date, end_date, pickup_date, effective_return_date, status) VALUES ('e6e32697-35ba-4ea5-bf7b-1ed84c60ef03', 'a4dff131-483f-46ae-aa40-08d97f5ffce0', 'dd5b5b29-3176-4a9f-bef5-4dc62e6fad1e', '2024-10-16T17:18:30.921791', '2024-11-12T17:18:30.921791', '2024-11-17T17:18:30.921791', '2024-11-12T17:18:30.921791', '2024-11-17T17:18:30.921791', 'RETURNED_ON_TIME');
INSERT INTO borrow_records (id, item_id, borrowed_by, reservation_date, start_date, end_date, pickup_date, effective_return_date, status) VALUES ('bfa3ae7c-bf4a-44f0-a6ee-780a3fd1213d', 'a4dff131-483f-46ae-aa40-08d97f5ffce0', 'b5d13fc6-d9a4-4459-adf6-e77a8d220e95', '2024-09-01T17:18:30.921836', '2024-09-16T17:18:30.921836', '2024-09-26T17:18:30.921836', '2024-09-16T17:18:30.921836', '2024-09-26T17:18:30.921836', 'RETURNED_ON_TIME');
INSERT INTO items (id, name, description, short_description, image_url, located, created_at, borrow_count, favorite, owner, library_id, category_id, community_id) VALUES ('16d1d43e-8f62-4bc2-a595-3445cfe72b7c', 'Kit de fête', 'Tout ce dont vous avez besoin pour une fête, un pique-nique ou toute autre célébration. Éliminez le gaspillage et adoptez les produits réutilisables !  Résumé : Produits réutilisables pour fêtes et pique-niques, éliminez le gaspillage.', 'Produits réutilisables pour fêtes et pique-niques, éliminez le gaspillage.', '/items/Party_Kit.jpg', '', '2025-02-24T17:18:45.635340', 3, True, '', NULL, '63348a2c-ac59-42bf-a60f-f942051ff8ed', NULL);
INSERT INTO borrow_records (id, item_id, borrowed_by, reservation_date, start_date, end_date, pickup_date, effective_return_date, status) VALUES ('ca8713f2-e777-4b34-a797-f243e806d587', '16d1d43e-8f62-4bc2-a595-3445cfe72b7c', 'f0a62726-517a-4c6e-8b75-8ad7a17c44a7', '2024-04-18T17:18:45.635511', '2024-04-27T17:18:45.635511', '2024-04-28T17:18:45.635511', '2024-04-27T17:18:45.635511', NULL, 'RESERVED_CONFIRMED');
INSERT INTO items (id, name, description, short_description, image_url, located, created_at, borrow_count, favorite, owner, library_id, category_id, community_id) VALUES ('91e5bc7b-b637-4274-bd2f-58094c3d9175', 'Tente, 2 personnes', 'Vous offre un endroit pour dormir en plein air ! Résumé : Offre de logement en plein air.', 'Offre de logement en plein air.', '/items/Tent,_2_person.jpg', '', '2025-02-24T17:18:49.053839', 5, True, '', NULL, '63348a2c-ac59-42bf-a60f-f942051ff8ed', NULL);
INSERT INTO borrow_records (id, item_id, borrowed_by, reservation_date, start_date, end_date, pickup_date, effective_return_date, status) VALUES ('d0df7ca2-760d-44ec-9b01-55b100dc7100', '91e5bc7b-b637-4274-bd2f-58094c3d9175', 'b5d13fc6-d9a4-4459-adf6-e77a8d220e95', '2024-03-28T17:18:49.053954', '2024-04-16T17:18:49.053954', '2024-04-17T17:18:49.053954', '2024-04-16T17:18:49.053954', '2024-04-17T17:18:49.053954', 'RETURNED_ON_TIME');
INSERT INTO borrow_records (id, item_id, borrowed_by, reservation_date, start_date, end_date, pickup_date, effective_return_date, status) VALUES ('0de897a7-fab4-4c67-8324-cd0c2217477c', '91e5bc7b-b637-4274-bd2f-58094c3d9175', 'd1d0de66-aad8-47c3-b67a-5977ed69b864', '2024-05-21T17:18:49.054106', '2024-05-23T17:18:49.054106', '2024-05-27T17:18:49.054106', '2024-05-23T17:18:49.054106', '2024-05-27T17:18:49.054106', 'RETURNED_ON_TIME');
INSERT INTO borrow_records (id, item_id, borrowed_by, reservation_date, start_date, end_date, pickup_date, effective_return_date, status) VALUES ('269f6da2-84c1-4817-b4b5-0adacfec6bd3', '91e5bc7b-b637-4274-bd2f-58094c3d9175', '10ef0370-94e8-4eaf-b1d0-f5fb72c78da3', '2024-12-25T17:18:49.054180', '2025-01-17T17:18:49.054180', '2025-01-19T17:18:49.054180', '2025-01-17T17:18:49.054180', NULL, 'RESERVED_CONFIRMED');
INSERT INTO items (id, name, description, short_description, image_url, located, created_at, borrow_count, favorite, owner, library_id, category_id, community_id) VALUES ('460431ed-43bf-41ff-bcb7-0f8baa4c36d5', 'Pistolet à air chaud', 'Parfait pour une multitude de travaux tels que le soudage de plastique et de tuyaux, la soudure et le rétrécissement de câbles. Livré avec 10 débits d''air, des réglages de température ajustables numériquement et quatre programmes personnalisables.  Résumé : Outil polyvalent pour soudage et rétrécissement de câbles, avec 10 débits d''air et réglages de température personnalisables.', 'Outil polyvalent pour soudage et rétrécissement de câbles, avec 10 débits d''air et réglages de température personnalisables.', '/items/Heat_Gun.jpg', '', '2025-02-24T17:18:57.616302', 3, True, '', '8a6290e2-6f60-4937-85e8-17eca414ed3f', '36bce973-d075-45ea-945d-32469a616178', '6061c04d-6988-4098-b924-dc209a1c04ae');
INSERT INTO borrow_records (id, item_id, borrowed_by, reservation_date, start_date, end_date, pickup_date, effective_return_date, status) VALUES ('f8df6666-04ac-490b-8d27-1134cac2c6b4', '460431ed-43bf-41ff-bcb7-0f8baa4c36d5', 'd1d0de66-aad8-47c3-b67a-5977ed69b864', '2025-01-18T17:18:57.616452', '2025-02-10T17:18:57.616452', '2025-02-13T17:18:57.616452', '2025-02-10T17:18:57.616452', NULL, 'RESERVED_CONFIRMED');
INSERT INTO items (id, name, description, short_description, image_url, located, created_at, borrow_count, favorite, owner, library_id, category_id, community_id) VALUES ('d5ed3f84-ed1c-4f32-9442-94a134560b10', 'Tente, 3 personnes', 'Donne un abri pour dormir en plein air, avec trois portes complètes et une lucarne en maille - idéal pour observer les étoiles la nuit !  Résumé : Abri extérieur avec trois portes et lucarne pour admirer les étoiles.', 'Abri extérieur avec trois portes et lucarne pour admirer les étoiles.', '/items/Tent,_3_person.jpg', '', '2025-02-24T17:19:05.600811', 13, False, '', '8a6290e2-6f60-4937-85e8-17eca414ed3f', '8e1e8365-566c-4465-9d32-89a259007775', '6061c04d-6988-4098-b924-dc209a1c04ae');
INSERT INTO borrow_records (id, item_id, borrowed_by, reservation_date, start_date, end_date, pickup_date, effective_return_date, status) VALUES ('a492a91b-73d4-4951-b14b-e0630ebd52af', 'd5ed3f84-ed1c-4f32-9442-94a134560b10', 'f0a62726-517a-4c6e-8b75-8ad7a17c44a7', '2024-04-24T17:19:05.600943', '2024-05-12T17:19:05.600943', '2024-05-15T17:19:05.600943', '2024-05-12T17:19:05.600943', NULL, 'RESERVED_CONFIRMED');
INSERT INTO borrow_records (id, item_id, borrowed_by, reservation_date, start_date, end_date, pickup_date, effective_return_date, status) VALUES ('a10f59ae-a26a-43ab-be07-dcf2a4e5963c', 'd5ed3f84-ed1c-4f32-9442-94a134560b10', '072bae74-494f-4aff-9ab5-77968851a059', '2025-01-22T17:19:05.601008', '2025-02-16T17:19:05.601008', '2025-02-27T17:19:05.601008', '2025-02-16T17:19:05.601008', '2025-02-27T17:19:05.601008', 'RETURNED_ON_TIME');
INSERT INTO borrow_records (id, item_id, borrowed_by, reservation_date, start_date, end_date, pickup_date, effective_return_date, status) VALUES ('fca0e424-6b44-49cf-962f-1099d8b6010e', 'd5ed3f84-ed1c-4f32-9442-94a134560b10', '0af3d6dd-7020-4acd-9884-cc8f458ede68', '2024-04-18T17:19:05.601036', '2024-05-05T17:19:05.601036', '2024-05-12T17:19:05.601036', '2024-05-05T17:19:05.601036', '2024-05-12T17:19:05.601036', 'RETURNED_ON_TIME');
INSERT INTO borrow_records (id, item_id, borrowed_by, reservation_date, start_date, end_date, pickup_date, effective_return_date, status) VALUES ('7a194226-e003-421c-9f24-8dfd3aa65af5', 'd5ed3f84-ed1c-4f32-9442-94a134560b10', '17ab5163-4d91-4120-94f5-aeeb7bc6b90f', '2024-12-27T17:19:05.601119', '2025-01-22T17:19:05.601119', '2025-02-02T17:19:05.601119', '2025-01-22T17:19:05.601119', NULL, 'BORROWED_LATE');
INSERT INTO borrow_records (id, item_id, borrowed_by, reservation_date, start_date, end_date, pickup_date, effective_return_date, status) VALUES ('94c74270-2880-4600-90f7-a20269cd8257', 'd5ed3f84-ed1c-4f32-9442-94a134560b10', '9239365a-7d91-4651-9d0d-d0a8048e9301', '2024-10-16T17:19:05.601147', '2024-10-22T17:19:05.601147', '2024-10-26T17:19:05.601147', '2024-10-22T17:19:05.601147', NULL, 'RESERVED_CONFIRMED');
INSERT INTO items (id, name, description, short_description, image_url, located, created_at, borrow_count, favorite, owner, library_id, category_id, community_id) VALUES ('5c186974-efb3-433b-9c22-8dc6837753fd', 'Routeur (sans fil)".', 'Façonne le bois et le plastique pour créer des bords décoratifs, rainures, fentes et assemblages à queue d''aronde en menuiserie.  Résumé : Façonne le bois et le plastique pour créer des éléments décoratifs en menuiserie.', 'Façonne le bois et le plastique pour créer des éléments décoratifs en menuiserie.', '/items/Router_(cordless).jpg', '', '2025-02-24T17:19:12.641225', 14, False, '', 'b90d424d-8078-4169-94a1-4bbb795e379a', '6c1a1373-e615-4838-b277-9fcd23ddfaa4', '97ec6ea0-7834-422b-9385-1a274c3e3325');
INSERT INTO borrow_records (id, item_id, borrowed_by, reservation_date, start_date, end_date, pickup_date, effective_return_date, status) VALUES ('886763cf-5452-4377-8ce1-9ad01110f623', '5c186974-efb3-433b-9c22-8dc6837753fd', '10ef0370-94e8-4eaf-b1d0-f5fb72c78da3', '2024-05-31T17:19:12.641492', '2024-06-16T17:19:12.641492', '2024-06-26T17:19:12.641492', '2024-06-16T17:19:12.641492', NULL, 'BORROWED_LATE');
INSERT INTO borrow_records (id, item_id, borrowed_by, reservation_date, start_date, end_date, pickup_date, effective_return_date, status) VALUES ('ed0289c6-fc81-4899-8475-681df0fc4619', '5c186974-efb3-433b-9c22-8dc6837753fd', '29e18a18-b129-4bb5-9008-16266318cf8f', '2024-12-08T17:19:12.641711', '2024-12-25T17:19:12.641711', '2025-01-03T17:19:12.641711', '2024-12-25T17:19:12.641711', NULL, 'BORROWED_LATE');
INSERT INTO borrow_records (id, item_id, borrowed_by, reservation_date, start_date, end_date, pickup_date, effective_return_date, status) VALUES ('bd8a9059-4edf-4a05-ab6e-da0d134f9fb6', '5c186974-efb3-433b-9c22-8dc6837753fd', '1f8a2e17-1275-45fd-9fc0-06604605b610', '2024-09-25T17:19:12.641783', '2024-10-03T17:19:12.641783', '2024-10-04T17:19:12.641783', '2024-10-03T17:19:12.641783', '2024-10-04T17:19:12.641783', 'RETURNED_ON_TIME');
INSERT INTO borrow_records (id, item_id, borrowed_by, reservation_date, start_date, end_date, pickup_date, effective_return_date, status) VALUES ('6c22f895-d147-49ee-846a-c1c6dd671e91', '5c186974-efb3-433b-9c22-8dc6837753fd', '1bab3f31-992d-439a-9faa-c2ec9edc0cdc', '2024-11-11T17:19:12.641850', '2024-11-26T17:19:12.641850', '2024-12-05T17:19:12.641850', '2024-11-26T17:19:12.641850', NULL, 'BORROWED_LATE');
INSERT INTO items (id, name, description, short_description, image_url, located, created_at, borrow_count, favorite, owner, library_id, category_id, community_id) VALUES ('2dd78529-9d5d-4346-8063-67ac4b63e8ce', 'Console de jeux (Nintendo 64)', 'C''est la console de jeux rétro classique de la fin des années 1990 ! Elle permet de jouer à des jeux populaires comme Mario Kart 64 et 007 Goldeneye.  Résumé : Console de jeux rétro des années 90 pour jouer à Mario Kart 64 et 007 Goldeneye.', 'Console de jeux rétro des années 90 pour jouer à Mario Kart 64 et 007 Goldeneye.', '/items/Games_Console_(Nintendo_64).jpg', '', '2025-02-24T17:19:19.587734', 20, False, '', '0f7f3e75-eb14-46af-99f9-4be2c6e91142', '36bce973-d075-45ea-945d-32469a616178', 'e4a76fa5-33c4-404d-bcf0-effd818874e4');
INSERT INTO borrow_records (id, item_id, borrowed_by, reservation_date, start_date, end_date, pickup_date, effective_return_date, status) VALUES ('033735e4-3f78-4af6-aad8-d46a5639ccc5', '2dd78529-9d5d-4346-8063-67ac4b63e8ce', '1f8a2e17-1275-45fd-9fc0-06604605b610', '2024-12-03T17:19:19.587854', '2024-12-19T17:19:19.587854', '2024-12-20T17:19:19.587854', '2024-12-19T17:19:19.587854', NULL, 'RESERVED_CONFIRMED');
INSERT INTO items (id, name, description, short_description, image_url, located, created_at, borrow_count, favorite, owner, library_id, category_id, community_id) VALUES ('a1d1b8e0-57f5-4ebd-818f-1eb1e7c9ac80', 'Parc des jeux', 'Parc de jeux pour enfants comprenant des toboggans, balançoires, et aires de jeux en plein air. Résumé : Parc de jeux pour enfants avec toboggans, balançoires et aires de jeux en plein air.', 'Parc de jeux pour enfants avec toboggans, balançoires et aires de jeux en plein air.', '/items/Park_Games.jpg', '', '2025-02-24T17:19:25.744142', 5, True, '', 'b90d424d-8078-4169-94a1-4bbb795e379a', 'c399cacc-1607-402c-9f1d-1d8ef6ae6585', '97ec6ea0-7834-422b-9385-1a274c3e3325');
INSERT INTO borrow_records (id, item_id, borrowed_by, reservation_date, start_date, end_date, pickup_date, effective_return_date, status) VALUES ('8293c716-50c8-4ad2-8ba5-75cc41a3210b', 'a1d1b8e0-57f5-4ebd-818f-1eb1e7c9ac80', '29e18a18-b129-4bb5-9008-16266318cf8f', '2024-07-03T17:19:25.744259', '2024-07-18T17:19:25.744259', '2024-07-20T17:19:25.744259', '2024-07-18T17:19:25.744259', NULL, 'RESERVED_CONFIRMED');
INSERT INTO borrow_records (id, item_id, borrowed_by, reservation_date, start_date, end_date, pickup_date, effective_return_date, status) VALUES ('e225adab-95a5-40b3-a122-bbeb00742578', 'a1d1b8e0-57f5-4ebd-818f-1eb1e7c9ac80', '1bab3f31-992d-439a-9faa-c2ec9edc0cdc', '2024-11-18T17:19:25.744364', '2024-12-15T17:19:25.744364', '2024-12-23T17:19:25.744364', '2024-12-15T17:19:25.744364', NULL, 'RESERVED_CONFIRMED');
INSERT INTO borrow_records (id, item_id, borrowed_by, reservation_date, start_date, end_date, pickup_date, effective_return_date, status) VALUES ('832b8f1d-60de-4b33-82d1-2ad95d1c49f7', 'a1d1b8e0-57f5-4ebd-818f-1eb1e7c9ac80', '0af3d6dd-7020-4acd-9884-cc8f458ede68', '2024-08-18T17:19:25.744436', '2024-09-04T17:19:25.744436', '2024-09-05T17:19:25.744436', '2024-09-04T17:19:25.744436', NULL, 'RESERVED_CONFIRMED');
INSERT INTO items (id, name, description, short_description, image_url, located, created_at, borrow_count, favorite, owner, library_id, category_id, community_id) VALUES ('20c2ff85-3a0e-4f1d-96ca-8b6967c099fb', 'Radiateur."', 'Chauffez rapidement un petit espace pour des événements ou en tant que remplacement temporaire de votre source de chauffage habituelle. Taille optimale de la pièce : 25 m²  Résumé : Chauffage rapide pour petits espaces jusqu''à 25 m².', 'Chauffage rapide pour petits espaces jusqu''à 25 m².', '/items/Heater.jpg', '', '2025-02-24T17:19:31.818144', 12, False, '', 'b90d424d-8078-4169-94a1-4bbb795e379a', '6c1a1373-e615-4838-b277-9fcd23ddfaa4', '97ec6ea0-7834-422b-9385-1a274c3e3325');
INSERT INTO borrow_records (id, item_id, borrowed_by, reservation_date, start_date, end_date, pickup_date, effective_return_date, status) VALUES ('cd97bee3-5eaa-48ef-a5c3-aa340b8163a5', '20c2ff85-3a0e-4f1d-96ca-8b6967c099fb', '75933925-2d69-48c8-9254-aaef1324bb6a', '2024-04-16T17:19:31.818312', '2024-04-24T17:19:31.818312', '2024-04-26T17:19:31.818312', '2024-04-24T17:19:31.818312', NULL, 'BORROWED_LATE');
INSERT INTO borrow_records (id, item_id, borrowed_by, reservation_date, start_date, end_date, pickup_date, effective_return_date, status) VALUES ('df2974e0-ef41-4242-8a1c-2c8e1d9c88ce', '20c2ff85-3a0e-4f1d-96ca-8b6967c099fb', 'b5d13fc6-d9a4-4459-adf6-e77a8d220e95', '2024-10-20T17:19:31.818481', '2024-10-30T17:19:31.818481', '2024-11-04T17:19:31.818481', '2024-10-30T17:19:31.818481', NULL, 'BORROWED_LATE');
INSERT INTO borrow_records (id, item_id, borrowed_by, reservation_date, start_date, end_date, pickup_date, effective_return_date, status) VALUES ('8f55521a-c5f1-4ea4-bd9e-c6f7e730ed12', '20c2ff85-3a0e-4f1d-96ca-8b6967c099fb', 'f0a62726-517a-4c6e-8b75-8ad7a17c44a7', '2024-03-06T17:19:31.818558', '2024-03-20T17:19:31.818558', '2024-03-29T17:19:31.818558', '2024-03-20T17:19:31.818558', NULL, 'RESERVED_CONFIRMED');
INSERT INTO borrow_records (id, item_id, borrowed_by, reservation_date, start_date, end_date, pickup_date, effective_return_date, status) VALUES ('f6d50f94-26bb-4ca6-ac1a-4fd3ef91a79a', '20c2ff85-3a0e-4f1d-96ca-8b6967c099fb', 'b5d13fc6-d9a4-4459-adf6-e77a8d220e95', '2024-07-24T17:19:31.818629', '2024-07-30T17:19:31.818629', '2024-08-07T17:19:31.818629', '2024-07-30T17:19:31.818629', NULL, 'RESERVED_CONFIRMED');
INSERT INTO items (id, name, description, short_description, image_url, located, created_at, borrow_count, favorite, owner, library_id, category_id, community_id) VALUES ('c01d6c1a-9b1f-4154-bfd3-dccef591af53', 'Console de jeux (PlayStation 2)', 'C''est la console de jeux classique des années 2000, permettant de jouer à des jeux populaires comme Tony Hawk''s Pro Skater 3 et The Simpsons: Hit & Run. Elle peut également lire des DVD ! Résumé : Console de jeux classique des années 2000, compatible avec des jeux populaires et capable de lire des DVD.', 'Console de jeux classique des années 2000, compatible avec des jeux populaires et capable de lire des DVD.', '/items/Games_Console_(PlayStation_2).jpg', '', '2025-02-24T17:19:39.008430', 14, True, '', 'b90d424d-8078-4169-94a1-4bbb795e379a', '8e1e8365-566c-4465-9d32-89a259007775', '97ec6ea0-7834-422b-9385-1a274c3e3325');
INSERT INTO borrow_records (id, item_id, borrowed_by, reservation_date, start_date, end_date, pickup_date, effective_return_date, status) VALUES ('b87fd665-5752-415c-9799-ee1163c4fd62', 'c01d6c1a-9b1f-4154-bfd3-dccef591af53', '08098122-8fa3-4c22-97b8-f151bd138ade', '2024-12-12T17:19:39.008544', '2025-01-02T17:19:39.008544', '2025-01-09T17:19:39.008544', '2025-01-02T17:19:39.008544', '2025-01-09T17:19:39.008544', 'RETURNED_ON_TIME');
INSERT INTO borrow_records (id, item_id, borrowed_by, reservation_date, start_date, end_date, pickup_date, effective_return_date, status) VALUES ('3bee16aa-ef43-46f0-94ef-9bab39ea5f56', 'c01d6c1a-9b1f-4154-bfd3-dccef591af53', '75933925-2d69-48c8-9254-aaef1324bb6a', '2024-04-20T17:19:39.008645', '2024-05-05T17:19:39.008645', '2024-05-15T17:19:39.008645', '2024-05-05T17:19:39.008645', NULL, 'BORROWED_LATE');
INSERT INTO borrow_records (id, item_id, borrowed_by, reservation_date, start_date, end_date, pickup_date, effective_return_date, status) VALUES ('04142056-7c00-4f87-9e00-6fd829e5ea2f', 'c01d6c1a-9b1f-4154-bfd3-dccef591af53', 'd1d0de66-aad8-47c3-b67a-5977ed69b864', '2024-11-27T17:19:39.008707', '2024-12-09T17:19:39.008707', '2024-12-11T17:19:39.008707', '2024-12-09T17:19:39.008707', NULL, 'RESERVED_CONFIRMED');
INSERT INTO borrow_records (id, item_id, borrowed_by, reservation_date, start_date, end_date, pickup_date, effective_return_date, status) VALUES ('79f2e36b-3369-4fd8-858f-bca7f7e635e8', 'c01d6c1a-9b1f-4154-bfd3-dccef591af53', '9239365a-7d91-4651-9d0d-d0a8048e9301', '2024-11-01T17:19:39.008764', '2024-12-01T17:19:39.008764', '2024-12-08T17:19:39.008764', '2024-12-01T17:19:39.008764', '2024-12-08T17:19:39.008764', 'RETURNED_ON_TIME');
INSERT INTO items (id, name, description, short_description, image_url, located, created_at, borrow_count, favorite, owner, library_id, category_id, community_id) VALUES ('1292bd98-6d7c-4cf6-bbce-a06443e9494f', 'gazebo', 'Abri pliant et imperméable, facile à assembler, idéal pour les rassemblements dans le jardin ou les fêtes de rue - parfait par temps de pluie ou de soleil ! Résumé : Abri pliant et imperméable pour rassemblements en extérieur, facile à monter, idéal par tous temps.', 'Abri pliant et imperméable pour rassemblements en extérieur, facile à monter, idéal par tous temps.', '/items/Gazebo.jpg', '', '2025-02-24T17:19:43.273654', 11, True, '', '8a6290e2-6f60-4937-85e8-17eca414ed3f', 'c399cacc-1607-402c-9f1d-1d8ef6ae6585', '6061c04d-6988-4098-b924-dc209a1c04ae');
INSERT INTO borrow_records (id, item_id, borrowed_by, reservation_date, start_date, end_date, pickup_date, effective_return_date, status) VALUES ('06253cac-14b8-411c-9f4f-5f747e535a10', '1292bd98-6d7c-4cf6-bbce-a06443e9494f', '072bae74-494f-4aff-9ab5-77968851a059', '2024-08-17T17:19:43.273758', '2024-08-28T17:19:43.273758', '2024-08-29T17:19:43.273758', '2024-08-28T17:19:43.273758', '2024-08-29T17:19:43.273758', 'RETURNED_ON_TIME');
INSERT INTO borrow_records (id, item_id, borrowed_by, reservation_date, start_date, end_date, pickup_date, effective_return_date, status) VALUES ('7917928e-f5ae-4507-aae3-f9ab33d71109', '1292bd98-6d7c-4cf6-bbce-a06443e9494f', '29e18a18-b129-4bb5-9008-16266318cf8f', '2024-07-03T17:19:43.273896', '2024-07-20T17:19:43.273896', '2024-07-21T17:19:43.273896', '2024-07-20T17:19:43.273896', '2024-07-21T17:19:43.273896', 'RETURNED_ON_TIME');
INSERT INTO borrow_records (id, item_id, borrowed_by, reservation_date, start_date, end_date, pickup_date, effective_return_date, status) VALUES ('383a9511-9def-4abe-a27e-82ace0d71d65', '1292bd98-6d7c-4cf6-bbce-a06443e9494f', 'b5d13fc6-d9a4-4459-adf6-e77a8d220e95', '2025-01-16T17:19:43.273983', '2025-01-30T17:19:43.273983', '2025-02-03T17:19:43.273983', '2025-01-30T17:19:43.273983', NULL, 'RESERVED_CONFIRMED');
INSERT INTO borrow_records (id, item_id, borrowed_by, reservation_date, start_date, end_date, pickup_date, effective_return_date, status) VALUES ('3a39ff7e-f137-4804-9aa4-024bb994ec7f', '1292bd98-6d7c-4cf6-bbce-a06443e9494f', 'f0a62726-517a-4c6e-8b75-8ad7a17c44a7', '2025-01-18T17:19:43.274066', '2025-01-29T17:19:43.274066', '2025-02-11T17:19:43.274066', '2025-01-29T17:19:43.274066', NULL, 'BORROWED_LATE');
INSERT INTO borrow_records (id, item_id, borrowed_by, reservation_date, start_date, end_date, pickup_date, effective_return_date, status) VALUES ('b0c175d1-c5b3-4bd3-9f01-01b30dbe4609', '1292bd98-6d7c-4cf6-bbce-a06443e9494f', '29e18a18-b129-4bb5-9008-16266318cf8f', '2025-01-29T17:19:43.274151', '2025-02-14T17:19:43.274151', '2025-02-28T17:19:43.274151', '2025-02-14T17:19:43.274151', NULL, 'RESERVED_CONFIRMED');
INSERT INTO items (id, name, description, short_description, image_url, located, created_at, borrow_count, favorite, owner, library_id, category_id, community_id) VALUES ('ccc2ddb5-fae5-4b98-b133-31fb66a1f09f', 'Sécateur de jardin (sans fil)', 'Coupe à travers de petites branches et morceaux de bois.  Résumé : Coupe petits bois et branches.', 'Coupe petits bois et branches.', '/items/Garden_Pruner_(cordless)_.jpg', '', '2025-02-24T17:19:48.599715', 4, True, '', '8a6290e2-6f60-4937-85e8-17eca414ed3f', '63348a2c-ac59-42bf-a60f-f942051ff8ed', '6061c04d-6988-4098-b924-dc209a1c04ae');
INSERT INTO borrow_records (id, item_id, borrowed_by, reservation_date, start_date, end_date, pickup_date, effective_return_date, status) VALUES ('e7a4e770-4f56-492f-9e11-3ef870689a5a', 'ccc2ddb5-fae5-4b98-b133-31fb66a1f09f', '1bab3f31-992d-439a-9faa-c2ec9edc0cdc', '2024-02-18T17:19:48.599834', '2024-02-26T17:19:48.599834', '2024-03-01T17:19:48.599834', '2024-02-26T17:19:48.599834', '2024-03-01T17:19:48.599834', 'RETURNED_ON_TIME');
INSERT INTO items (id, name, description, short_description, image_url, located, created_at, borrow_count, favorite, owner, library_id, category_id, community_id) VALUES ('d613d6c3-adc2-4542-8a42-12a0c37e4cf5', 'Trousse à outils pour vélo', 'Kit d''outils complet pour entretenir, réparer et améliorer votre vélo. Résumé : Kit d''outils complet pour vélo.', 'Kit d''outils complet pour vélo.', '/items/Bike_Toolkit.jpg', '', '2025-02-24T17:19:57.280185', 15, False, '', '0f7f3e75-eb14-46af-99f9-4be2c6e91142', '6c1a1373-e615-4838-b277-9fcd23ddfaa4', 'e4a76fa5-33c4-404d-bcf0-effd818874e4');
INSERT INTO borrow_records (id, item_id, borrowed_by, reservation_date, start_date, end_date, pickup_date, effective_return_date, status) VALUES ('6c4c027e-5dea-4bf0-8047-4eda13a7cf37', 'd613d6c3-adc2-4542-8a42-12a0c37e4cf5', 'dd5b5b29-3176-4a9f-bef5-4dc62e6fad1e', '2024-06-14T17:19:57.280263', '2024-06-26T17:19:57.280263', '2024-06-27T17:19:57.280263', '2024-06-26T17:19:57.280263', NULL, 'RESERVED_CONFIRMED');
INSERT INTO borrow_records (id, item_id, borrowed_by, reservation_date, start_date, end_date, pickup_date, effective_return_date, status) VALUES ('9f68eb09-7266-4b2c-b1d3-13ede22de010', 'd613d6c3-adc2-4542-8a42-12a0c37e4cf5', '75933925-2d69-48c8-9254-aaef1324bb6a', '2024-05-15T17:19:57.280358', '2024-06-10T17:19:57.280358', '2024-06-18T17:19:57.280358', '2024-06-10T17:19:57.280358', NULL, 'BORROWED_LATE');
INSERT INTO items (id, name, description, short_description, image_url, located, created_at, borrow_count, favorite, owner, library_id, category_id, community_id) VALUES ('e073372a-ff6e-41d1-bd34-522d280a5c94', 'Machine à Popcorn', 'Préparez un délicieux pop-corn en 3 à 5 minutes ! Résumé : Préparez du pop-corn en quelques minutes !', 'Préparez du pop-corn en quelques minutes !', '/items/Popcorn_Maker.jpg', '', '2025-02-24T17:20:02.069381', 14, True, '', 'b90d424d-8078-4169-94a1-4bbb795e379a', '6c1a1373-e615-4838-b277-9fcd23ddfaa4', '97ec6ea0-7834-422b-9385-1a274c3e3325');
INSERT INTO borrow_records (id, item_id, borrowed_by, reservation_date, start_date, end_date, pickup_date, effective_return_date, status) VALUES ('2d6500c8-1c10-4458-a63f-109c0560388b', 'e073372a-ff6e-41d1-bd34-522d280a5c94', '9239365a-7d91-4651-9d0d-d0a8048e9301', '2024-12-22T17:20:02.069490', '2025-01-03T17:20:02.069490', '2025-01-04T17:20:02.069490', '2025-01-03T17:20:02.069490', '2025-01-04T17:20:02.069490', 'RETURNED_ON_TIME');
INSERT INTO items (id, name, description, short_description, image_url, located, created_at, borrow_count, favorite, owner, library_id, category_id, community_id) VALUES ('b3cad98f-b5ed-4e24-89d5-927efc161c19', 'Friteuse à air".', 'Cuisinez, faites frire et cuire au four en utilisant de l''air chaud pour imiter un four à convection traditionnel ! Rendez l''extérieur des aliments croustillant, avec des résultats savoureux.  Résumé : Cuisinez avec l''air chaud pour des aliments croustillants et savoureux, avec quatre fonctions de cuisson différentes.', 'Cuisinez avec l''air chaud pour des aliments croustillants et savoureux, avec quatre fonctions de cuisson différentes.', '/items/Air_Fryer.jpg', '', '2025-02-24T17:20:11.189103', 5, False, '', 'b0019dc5-e2c1-4e08-a439-3d6680f10cb1', '8e1e8365-566c-4465-9d32-89a259007775', 'd40ad763-1bed-43e7-bbd4-eb10ce50571c');
INSERT INTO borrow_records (id, item_id, borrowed_by, reservation_date, start_date, end_date, pickup_date, effective_return_date, status) VALUES ('5c1c80d9-3014-42ff-9883-60b5bd3f827d', 'b3cad98f-b5ed-4e24-89d5-927efc161c19', '072bae74-494f-4aff-9ab5-77968851a059', '2024-06-10T17:20:11.189247', '2024-07-07T17:20:11.189247', '2024-07-21T17:20:11.189247', '2024-07-07T17:20:11.189247', NULL, 'RESERVED_CONFIRMED');
INSERT INTO borrow_records (id, item_id, borrowed_by, reservation_date, start_date, end_date, pickup_date, effective_return_date, status) VALUES ('3b172a4c-40e7-4e09-8ba0-1a8b5c1b95a4', 'b3cad98f-b5ed-4e24-89d5-927efc161c19', '10ef0370-94e8-4eaf-b1d0-f5fb72c78da3', '2024-04-21T17:20:11.189372', '2024-05-10T17:20:11.189372', '2024-05-16T17:20:11.189372', '2024-05-10T17:20:11.189372', NULL, 'RESERVED_CONFIRMED');
INSERT INTO items (id, name, description, short_description, image_url, located, created_at, borrow_count, favorite, owner, library_id, category_id, community_id) VALUES ('258ce6f4-3d3b-4925-a1f2-564396b6fb46', 'Pistolet à clous (sans fil)', 'Enfoncez les clous dans les matériaux sans effort, simplifiant ainsi les tâches répétitives de clouage importantes. Résumé : Enfoncez les clous facilement pour simplifier les tâches de clouage.', 'Enfoncez les clous facilement pour simplifier les tâches de clouage.', '/items/Nail_Gun_(cordless).jpg', '', '2025-02-24T17:20:16.382058', 1, False, '', 'b23babba-0b2f-4bff-b418-ebee03115389', '6c1a1373-e615-4838-b277-9fcd23ddfaa4', '09ee1c7b-fc45-4675-a597-057ce1b5847f');
INSERT INTO borrow_records (id, item_id, borrowed_by, reservation_date, start_date, end_date, pickup_date, effective_return_date, status) VALUES ('a12c4e3f-e0cc-4672-b4cb-396acfe778dc', '258ce6f4-3d3b-4925-a1f2-564396b6fb46', 'f0a62726-517a-4c6e-8b75-8ad7a17c44a7', '2024-08-13T17:20:16.382161', '2024-09-01T17:20:16.382161', '2024-09-11T17:20:16.382161', '2024-09-01T17:20:16.382161', '2024-09-11T17:20:16.382161', 'RETURNED_ON_TIME');
INSERT INTO borrow_records (id, item_id, borrowed_by, reservation_date, start_date, end_date, pickup_date, effective_return_date, status) VALUES ('7224ff32-6881-4753-aa5e-75ba16e10137', '258ce6f4-3d3b-4925-a1f2-564396b6fb46', '10ef0370-94e8-4eaf-b1d0-f5fb72c78da3', '2024-07-30T17:20:16.382282', '2024-08-10T17:20:16.382282', '2024-08-18T17:20:16.382282', '2024-08-10T17:20:16.382282', '2024-08-18T17:20:16.382282', 'RETURNED_ON_TIME');
INSERT INTO borrow_records (id, item_id, borrowed_by, reservation_date, start_date, end_date, pickup_date, effective_return_date, status) VALUES ('b448c4e0-f113-4add-8345-0eb376da7f1d', '258ce6f4-3d3b-4925-a1f2-564396b6fb46', '9239365a-7d91-4651-9d0d-d0a8048e9301', '2024-07-17T17:20:16.382368', '2024-08-15T17:20:16.382368', '2024-08-29T17:20:16.382368', '2024-08-15T17:20:16.382368', '2024-08-29T17:20:16.382368', 'RETURNED_ON_TIME');
INSERT INTO items (id, name, description, short_description, image_url, located, created_at, borrow_count, favorite, owner, library_id, category_id, community_id) VALUES ('3b23837a-a918-4989-8d5f-1a8a4de9651d', 'Dremel', 'Outil rotatif intelligent multifonction adapté au ponçage, à la gravure, au nettoyage, au polissage, au meulage et à l''affûtage de diverses surfaces et matériaux. Résumé : Outil rotatif multifonction pour diverses tâches de finition sur différents matériaux.', 'Outil rotatif multifonction pour diverses tâches de finition sur différents matériaux.', '/items/Dremel.jpg', '', '2025-02-24T17:20:25.241334', 13, False, '', '8a6290e2-6f60-4937-85e8-17eca414ed3f', '6c1a1373-e615-4838-b277-9fcd23ddfaa4', '6061c04d-6988-4098-b924-dc209a1c04ae');
INSERT INTO borrow_records (id, item_id, borrowed_by, reservation_date, start_date, end_date, pickup_date, effective_return_date, status) VALUES ('09bddf03-ef6c-4b1d-b8ee-88874cf4673d', '3b23837a-a918-4989-8d5f-1a8a4de9651d', '08098122-8fa3-4c22-97b8-f151bd138ade', '2024-06-06T17:20:25.241428', '2024-06-30T17:20:25.241428', '2024-07-13T17:20:25.241428', '2024-06-30T17:20:25.241428', NULL, 'RESERVED_CONFIRMED');
INSERT INTO borrow_records (id, item_id, borrowed_by, reservation_date, start_date, end_date, pickup_date, effective_return_date, status) VALUES ('b61f2973-790a-4e4d-99c2-4a780be98f01', '3b23837a-a918-4989-8d5f-1a8a4de9651d', '17ab5163-4d91-4120-94f5-aeeb7bc6b90f', '2024-05-17T17:20:25.241555', '2024-06-01T17:20:25.241555', '2024-06-10T17:20:25.241555', '2024-06-01T17:20:25.241555', '2024-06-10T17:20:25.241555', 'RETURNED_ON_TIME');
INSERT INTO items (id, name, description, short_description, image_url, located, created_at, borrow_count, favorite, owner, library_id, category_id, community_id) VALUES ('7562b123-4642-4bc4-a88c-3a298b9198df', 'Détecteur de métaux', 'Balayez le sol pour détecter la présence de métal à proximité. Cet outil est idéal pour retrouver des objets métalliques enterrés ou pour localiser des repères de propriété, des clés perdues ou des pièces de machine. Résumé : Outil de détection de métal pour retrouver des objets enterrés ou des clés perdues.', 'Outil de détection de métal pour retrouver des objets enterrés ou des clés perdues.', '/items/Metal_Detector.jpg', '', '2025-02-24T17:20:31.290736', 10, True, '', '0f7f3e75-eb14-46af-99f9-4be2c6e91142', '8e1e8365-566c-4465-9d32-89a259007775', 'e4a76fa5-33c4-404d-bcf0-effd818874e4');
INSERT INTO borrow_records (id, item_id, borrowed_by, reservation_date, start_date, end_date, pickup_date, effective_return_date, status) VALUES ('943fb247-831a-447c-8dbd-cd7505648f6e', '7562b123-4642-4bc4-a88c-3a298b9198df', '75933925-2d69-48c8-9254-aaef1324bb6a', '2024-03-27T17:20:31.290819', '2024-03-31T17:20:31.290819', '2024-04-05T17:20:31.290819', '2024-03-31T17:20:31.290819', NULL, 'BORROWED_LATE');
INSERT INTO items (id, name, description, short_description, image_url, located, created_at, borrow_count, favorite, owner, library_id, category_id, community_id) VALUES ('ad245308-c71b-4594-8e61-dd690dd0aec2', 'Cisailles électriques de jardin', 'Cisailles légères pour façonner les buissons, arbustes et bordures de pelouse. L''accessoire taille-arbustes est parfait pour tailler et entretenir les petites haies persistantes et les arbres d''ornement à petites feuilles jusqu''à 8 mm d''épaisseur de branche. L''accessoire coupe-herbe est idéal pour réaliser les bordures autour des petites pelouses, patios, terrasses et massifs de fleurs.  Résumé : Cisailles légères pour buissons, arbustes et bordures. Accessoires taille-arbustes et coupe-herbe adaptés pour petites haies et pel', 'Cisailles légères pour buissons, arbustes et bordures. Accessoires taille-arbustes et coupe-herbe adaptés pour petites haies et pel', '/items/Garden_Power_Shears.jpg', '', '2025-02-24T17:20:41.876470', 9, False, '', 'b0019dc5-e2c1-4e08-a439-3d6680f10cb1', '8e1e8365-566c-4465-9d32-89a259007775', 'd40ad763-1bed-43e7-bbd4-eb10ce50571c');
INSERT INTO borrow_records (id, item_id, borrowed_by, reservation_date, start_date, end_date, pickup_date, effective_return_date, status) VALUES ('11cbb190-713e-4980-9aff-4739d27d9a58', 'ad245308-c71b-4594-8e61-dd690dd0aec2', '29e18a18-b129-4bb5-9008-16266318cf8f', '2024-08-06T17:20:41.876558', '2024-09-02T17:20:41.876558', '2024-09-11T17:20:41.876558', '2024-09-02T17:20:41.876558', NULL, 'BORROWED_LATE');
INSERT INTO borrow_records (id, item_id, borrowed_by, reservation_date, start_date, end_date, pickup_date, effective_return_date, status) VALUES ('d8fa86af-96f6-400a-beb9-1c4bc48d17cb', 'ad245308-c71b-4594-8e61-dd690dd0aec2', '0af3d6dd-7020-4acd-9884-cc8f458ede68', '2024-11-20T17:20:41.876662', '2024-12-15T17:20:41.876662', '2024-12-26T17:20:41.876662', '2024-12-15T17:20:41.876662', '2024-12-26T17:20:41.876662', 'RETURNED_ON_TIME');
INSERT INTO borrow_records (id, item_id, borrowed_by, reservation_date, start_date, end_date, pickup_date, effective_return_date, status) VALUES ('1bc75628-2c02-48b6-b391-44975a0e2788', 'ad245308-c71b-4594-8e61-dd690dd0aec2', '9239365a-7d91-4651-9d0d-d0a8048e9301', '2024-04-28T17:20:41.876730', '2024-05-25T17:20:41.876730', '2024-05-27T17:20:41.876730', '2024-05-25T17:20:41.876730', NULL, 'BORROWED_LATE');
INSERT INTO borrow_records (id, item_id, borrowed_by, reservation_date, start_date, end_date, pickup_date, effective_return_date, status) VALUES ('89632cb2-c25b-4c8e-9e23-58416b11e825', 'ad245308-c71b-4594-8e61-dd690dd0aec2', 'd1d0de66-aad8-47c3-b67a-5977ed69b864', '2024-09-25T17:20:41.876792', '2024-10-09T17:20:41.876792', '2024-10-15T17:20:41.876792', '2024-10-09T17:20:41.876792', NULL, 'RESERVED_CONFIRMED');
INSERT INTO borrow_records (id, item_id, borrowed_by, reservation_date, start_date, end_date, pickup_date, effective_return_date, status) VALUES ('89606dd7-f8d8-4b21-8b8e-c18211478074', 'ad245308-c71b-4594-8e61-dd690dd0aec2', '10ef0370-94e8-4eaf-b1d0-f5fb72c78da3', '2024-02-18T17:20:41.876855', '2024-03-04T17:20:41.876855', '2024-03-10T17:20:41.876855', '2024-03-04T17:20:41.876855', NULL, 'BORROWED_LATE');
INSERT INTO items (id, name, description, short_description, image_url, located, created_at, borrow_count, favorite, owner, library_id, category_id, community_id) VALUES ('6f4956d8-3732-4325-a36a-fe9ce0001647', 'Caméra d’inspection', 'Inspection efficace et documentation des zones difficiles d''accès. Parfait pour visualiser l''intérieur des boîtes de services publics et des tuyaux, derrière les cavités murales, ainsi que pour les systèmes hydrauliques et les applications automobiles.  Résumé : Inspection visuelle des zones difficiles d''accès pour services publics, tuyaux, cavités murales, systèmes hydrauliques et automobiles.', 'Inspection visuelle des zones difficiles d''accès pour services publics, tuyaux, cavités murales, systèmes hydrauliques et automobiles.', '/items/Inspection_Camera.jpg', '', '2025-02-24T17:20:49.040291', 11, False, '', '0f7f3e75-eb14-46af-99f9-4be2c6e91142', '6c1a1373-e615-4838-b277-9fcd23ddfaa4', 'e4a76fa5-33c4-404d-bcf0-effd818874e4');
INSERT INTO borrow_records (id, item_id, borrowed_by, reservation_date, start_date, end_date, pickup_date, effective_return_date, status) VALUES ('a2d538a5-5733-4a9c-a774-d3ea2f92586b', '6f4956d8-3732-4325-a36a-fe9ce0001647', '17ab5163-4d91-4120-94f5-aeeb7bc6b90f', '2024-02-09T17:20:49.040354', '2024-03-07T17:20:49.040354', '2024-03-08T17:20:49.040354', '2024-03-07T17:20:49.040354', NULL, 'BORROWED_LATE');
INSERT INTO borrow_records (id, item_id, borrowed_by, reservation_date, start_date, end_date, pickup_date, effective_return_date, status) VALUES ('e60248bf-bce3-48fa-a8e0-534de7996aa7', '6f4956d8-3732-4325-a36a-fe9ce0001647', '072bae74-494f-4aff-9ab5-77968851a059', '2024-08-29T17:20:49.040413', '2024-09-03T17:20:49.040413', '2024-09-07T17:20:49.040413', '2024-09-03T17:20:49.040413', NULL, 'RESERVED_CONFIRMED');
INSERT INTO borrow_records (id, item_id, borrowed_by, reservation_date, start_date, end_date, pickup_date, effective_return_date, status) VALUES ('dae0033e-4b20-4781-ae53-c459b37c1b08', '6f4956d8-3732-4325-a36a-fe9ce0001647', '072bae74-494f-4aff-9ab5-77968851a059', '2024-11-26T17:20:49.040450', '2024-12-07T17:20:49.040450', '2024-12-11T17:20:49.040450', '2024-12-07T17:20:49.040450', NULL, 'RESERVED_CONFIRMED');
INSERT INTO borrow_records (id, item_id, borrowed_by, reservation_date, start_date, end_date, pickup_date, effective_return_date, status) VALUES ('5d4ef1d1-427c-4746-8f15-aa759f66930b', '6f4956d8-3732-4325-a36a-fe9ce0001647', 'd1d0de66-aad8-47c3-b67a-5977ed69b864', '2024-10-23T17:20:49.040484', '2024-11-17T17:20:49.040484', '2024-11-20T17:20:49.040484', '2024-11-17T17:20:49.040484', NULL, 'RESERVED_CONFIRMED');
INSERT INTO items (id, name, description, short_description, image_url, located, created_at, borrow_count, favorite, owner, library_id, category_id, community_id) VALUES ('83c748ea-711a-44e9-ae67-5bf7f8212f5c', 'Moniteur de qualité de l''air', 'Détecte les polluants tels que le formaldéhyde (HCHO) et les composés organiques volatils totaux (COVT) à l''intérieur, mesure la concentration de PM2.5 (particules fines), la température et l''humidité de l''air. Adapté pour la maison et le bureau.  Résumé : Détecteur de polluants et de particules fines pour la maison et le bureau.', 'Détecteur de polluants et de particules fines pour la maison et le bureau.', '/items/Air_Quality_Monitor.jpg', '', '2025-02-24T17:20:57.642480', 2, False, '', '0f7f3e75-eb14-46af-99f9-4be2c6e91142', 'c399cacc-1607-402c-9f1d-1d8ef6ae6585', 'e4a76fa5-33c4-404d-bcf0-effd818874e4');
INSERT INTO borrow_records (id, item_id, borrowed_by, reservation_date, start_date, end_date, pickup_date, effective_return_date, status) VALUES ('ffba0ed4-406a-475f-b5cb-57ebd9b159be', '83c748ea-711a-44e9-ae67-5bf7f8212f5c', '10ef0370-94e8-4eaf-b1d0-f5fb72c78da3', '2024-07-02T17:20:57.642604', '2024-07-03T17:20:57.642604', '2024-07-08T17:20:57.642604', '2024-07-03T17:20:57.642604', '2024-07-08T17:20:57.642604', 'RETURNED_ON_TIME');
INSERT INTO borrow_records (id, item_id, borrowed_by, reservation_date, start_date, end_date, pickup_date, effective_return_date, status) VALUES ('c33a815a-1a89-42a7-8585-3e408fbed2d7', '83c748ea-711a-44e9-ae67-5bf7f8212f5c', 'dd5b5b29-3176-4a9f-bef5-4dc62e6fad1e', '2024-06-06T17:20:57.642704', '2024-06-23T17:20:57.642704', '2024-06-28T17:20:57.642704', '2024-06-23T17:20:57.642704', NULL, 'BORROWED_LATE');
INSERT INTO borrow_records (id, item_id, borrowed_by, reservation_date, start_date, end_date, pickup_date, effective_return_date, status) VALUES ('dac718e2-e844-43df-8829-586148c54ba5', '83c748ea-711a-44e9-ae67-5bf7f8212f5c', 'd1d0de66-aad8-47c3-b67a-5977ed69b864', '2024-03-25T17:20:57.642768', '2024-03-26T17:20:57.642768', '2024-03-29T17:20:57.642768', '2024-03-26T17:20:57.642768', NULL, 'RESERVED_CONFIRMED');
INSERT INTO borrow_records (id, item_id, borrowed_by, reservation_date, start_date, end_date, pickup_date, effective_return_date, status) VALUES ('dce2f0f5-c728-455c-bb08-0f9972abbb66', '83c748ea-711a-44e9-ae67-5bf7f8212f5c', '1bab3f31-992d-439a-9faa-c2ec9edc0cdc', '2024-10-04T17:20:57.642835', '2024-10-14T17:20:57.642835', '2024-10-24T17:20:57.642835', '2024-10-14T17:20:57.642835', NULL, 'RESERVED_CONFIRMED');
INSERT INTO items (id, name, description, short_description, image_url, located, created_at, borrow_count, favorite, owner, library_id, category_id, community_id) VALUES ('91e10f3e-4e12-44a1-9d2c-f432188c42ad', 'Lit escamotable.', 'Un lit dans un sac : lit pop-up facile à assembler, offrant un couchage temporaire et confortable pour les invités. Résumé : Lit pop-up temporaire et confortable pour les invités.', 'Lit pop-up temporaire et confortable pour les invités.', '/items/Pop-up_Bed.jpg', '', '2025-02-24T17:21:05.544810', 10, True, '', 'b0019dc5-e2c1-4e08-a439-3d6680f10cb1', '8e1e8365-566c-4465-9d32-89a259007775', 'd40ad763-1bed-43e7-bbd4-eb10ce50571c');
INSERT INTO borrow_records (id, item_id, borrowed_by, reservation_date, start_date, end_date, pickup_date, effective_return_date, status) VALUES ('7d3a98b8-6d03-4547-90c3-676758768928', '91e10f3e-4e12-44a1-9d2c-f432188c42ad', '1bab3f31-992d-439a-9faa-c2ec9edc0cdc', '2024-11-02T17:21:05.544930', '2024-11-13T17:21:05.544930', '2024-11-18T17:21:05.544930', '2024-11-13T17:21:05.544930', '2024-11-18T17:21:05.544930', 'RETURNED_ON_TIME');
INSERT INTO borrow_records (id, item_id, borrowed_by, reservation_date, start_date, end_date, pickup_date, effective_return_date, status) VALUES ('681ee254-3d0d-4503-bfd6-4e5607dc002c', '91e10f3e-4e12-44a1-9d2c-f432188c42ad', 'b5d13fc6-d9a4-4459-adf6-e77a8d220e95', '2024-02-04T17:21:05.545007', '2024-02-29T17:21:05.545007', '2024-03-08T17:21:05.545007', '2024-02-29T17:21:05.545007', NULL, 'RESERVED_CONFIRMED');
INSERT INTO items (id, name, description, short_description, image_url, located, created_at, borrow_count, favorite, owner, library_id, category_id, community_id) VALUES ('c609ce33-737c-46f4-9cf9-374e997983d1', 'Lit de voyage', 'Se plie rapidement et facilement en un lit confortable pour un bébé ou un tout-petit (jusqu''à 14 kg). Se range dans un sac de voyage pour le rendre facilement portable lors de nuits hors de la maison ou pour les invités en visite.  Résumé : Lit pliable pour bébé jusqu''à 14 kg, portable et confortable en voyage ou en visite.', 'Lit pliable pour bébé jusqu''à 14 kg, portable et confortable en voyage ou en visite.', '/items/Travel_Cot.jpg', '', '2025-02-24T17:21:13.335889', 11, True, '', 'b0019dc5-e2c1-4e08-a439-3d6680f10cb1', 'c399cacc-1607-402c-9f1d-1d8ef6ae6585', 'd40ad763-1bed-43e7-bbd4-eb10ce50571c');
INSERT INTO borrow_records (id, item_id, borrowed_by, reservation_date, start_date, end_date, pickup_date, effective_return_date, status) VALUES ('dbeea70f-9550-426a-82d6-761dcae7fb8e', 'c609ce33-737c-46f4-9cf9-374e997983d1', 'dd5b5b29-3176-4a9f-bef5-4dc62e6fad1e', '2024-03-22T17:21:13.335941', '2024-03-30T17:21:13.335941', '2024-04-13T17:21:13.335941', '2024-03-30T17:21:13.335941', NULL, 'BORROWED_LATE');
INSERT INTO borrow_records (id, item_id, borrowed_by, reservation_date, start_date, end_date, pickup_date, effective_return_date, status) VALUES ('5a2fb472-eabd-4b2e-9f0e-12ef5f9735ec', 'c609ce33-737c-46f4-9cf9-374e997983d1', 'f0a62726-517a-4c6e-8b75-8ad7a17c44a7', '2024-06-03T17:21:13.335983', '2024-06-25T17:21:13.335983', '2024-06-28T17:21:13.335983', '2024-06-25T17:21:13.335983', '2024-06-28T17:21:13.335983', 'RETURNED_ON_TIME');

-- Notifications
INSERT INTO notifications (
                id, user_id, author, date, type, already_read, payload, item_id, borrow_record_id
            ) VALUES (
                '6bc47113-b691-4865-b794-33da5035ccc7', '0af3d6dd-7020-4acd-9884-cc8f458ede68', 'Platform', '2024-11-21T00:00:00Z',
                'ITEM_AVAILABLE', false, '{"itemId": "5c4c1817-4a19-4f9b-8a31-f2926baab7e8"}',
                '5c4c1817-4a19-4f9b-8a31-f2926baab7e8', NULL
            );
INSERT INTO notifications (
                id, user_id, author, date, type, already_read, payload, item_id, borrow_record_id
            ) VALUES (
                '33509245-f46f-4635-8b78-0d6ce42bb33b', '0af3d6dd-7020-4acd-9884-cc8f458ede68', 'Platform', '2024-11-20T00:00:00Z',
                'ITEM_DUE', false, '{"itemId": "7d2a21a1-1406-407f-8a16-9f79161cd47a"}',
                '7d2a21a1-1406-407f-8a16-9f79161cd47a', NULL
            );
INSERT INTO notifications (
                id, user_id, author, date, type, already_read, payload, item_id, borrow_record_id
            ) VALUES (
                '17fef64a-18dc-4486-8177-68ccc9a95491', '0af3d6dd-7020-4acd-9884-cc8f458ede68', 'Platform', '2024-11-19T00:00:00Z',
                'ITEM_BORROW_RESERVATION_DATE_START', true, '{"itemId": "63789e69-449a-4b88-8eb7-8b037b895dac"}',
                '63789e69-449a-4b88-8eb7-8b037b895dac', NULL
            );
INSERT INTO notifications (
                id, user_id, author, date, type, already_read, payload, item_id, borrow_record_id
            ) VALUES (
                '3c118fcc-a2e7-438c-adb4-1d3d03d17150', '0af3d6dd-7020-4acd-9884-cc8f458ede68', 'Platform', '2024-11-19T00:00:00Z',
                'ITEM_RESERVED_NO_LONGER_AVAILABLE', true, '{"itemId": "6f6880d0-93c1-4544-be4a-63a5d5f9c154"}',
                '6f6880d0-93c1-4544-be4a-63a5d5f9c154', NULL
            );
INSERT INTO notifications (
                id, user_id, author, date, type, already_read, payload, item_id, borrow_record_id
            ) VALUES (
                'c914982d-dbae-4733-b895-284f139bf38d', '072bae74-494f-4aff-9ab5-77968851a059', 'Platform', '2024-11-21T00:00:00Z',
                'ITEM_AVAILABLE', false, '{"itemId": "5c4c1817-4a19-4f9b-8a31-f2926baab7e8"}',
                '5c4c1817-4a19-4f9b-8a31-f2926baab7e8', NULL
            );
INSERT INTO notifications (
                id, user_id, author, date, type, already_read, payload, item_id, borrow_record_id
            ) VALUES (
                '41df4dfd-d2ed-4ddd-847d-e92d171cf8d8', '072bae74-494f-4aff-9ab5-77968851a059', 'Platform', '2024-11-20T00:00:00Z',
                'ITEM_DUE', false, '{"itemId": "7d2a21a1-1406-407f-8a16-9f79161cd47a"}',
                '7d2a21a1-1406-407f-8a16-9f79161cd47a', NULL
            );
INSERT INTO notifications (
                id, user_id, author, date, type, already_read, payload, item_id, borrow_record_id
            ) VALUES (
                'c6f54231-380e-4199-9186-3d8e5d1f23cd', '072bae74-494f-4aff-9ab5-77968851a059', 'Platform', '2024-11-19T00:00:00Z',
                'ITEM_BORROW_RESERVATION_DATE_START', true, '{"itemId": "63789e69-449a-4b88-8eb7-8b037b895dac"}',
                '63789e69-449a-4b88-8eb7-8b037b895dac', NULL
            );
INSERT INTO notifications (
                id, user_id, author, date, type, already_read, payload, item_id, borrow_record_id
            ) VALUES (
                '42ec536f-9e19-453c-8086-ac2251f2f75d', '072bae74-494f-4aff-9ab5-77968851a059', 'Platform', '2024-11-19T00:00:00Z',
                'ITEM_RESERVED_NO_LONGER_AVAILABLE', true, '{"itemId": "6f6880d0-93c1-4544-be4a-63a5d5f9c154"}',
                '6f6880d0-93c1-4544-be4a-63a5d5f9c154', NULL
            );
INSERT INTO notifications (
                id, user_id, author, date, type, already_read, payload, item_id, borrow_record_id
            ) VALUES (
                '455e140f-d8f9-4f46-b5c4-4d5c0ca0b016', '1f8a2e17-1275-45fd-9fc0-06604605b610', 'Platform', '2024-11-21T00:00:00Z',
                'ITEM_AVAILABLE', false, '{"itemId": "5c4c1817-4a19-4f9b-8a31-f2926baab7e8"}',
                '5c4c1817-4a19-4f9b-8a31-f2926baab7e8', NULL
            );
INSERT INTO notifications (
                id, user_id, author, date, type, already_read, payload, item_id, borrow_record_id
            ) VALUES (
                'f029e6d2-44da-4cbc-8a39-16d8e601673a', '1f8a2e17-1275-45fd-9fc0-06604605b610', 'Platform', '2024-11-20T00:00:00Z',
                'ITEM_DUE', false, '{"itemId": "7d2a21a1-1406-407f-8a16-9f79161cd47a"}',
                '7d2a21a1-1406-407f-8a16-9f79161cd47a', NULL
            );
INSERT INTO notifications (
                id, user_id, author, date, type, already_read, payload, item_id, borrow_record_id
            ) VALUES (
                'd30a233a-c8bd-4557-8915-beb603d77b14', '1f8a2e17-1275-45fd-9fc0-06604605b610', 'Platform', '2024-11-19T00:00:00Z',
                'ITEM_BORROW_RESERVATION_DATE_START', true, '{"itemId": "63789e69-449a-4b88-8eb7-8b037b895dac"}',
                '63789e69-449a-4b88-8eb7-8b037b895dac', NULL
            );
INSERT INTO notifications (
                id, user_id, author, date, type, already_read, payload, item_id, borrow_record_id
            ) VALUES (
                '4f8c0ea8-9e36-462e-b0bb-2ff9b578f66c', '1f8a2e17-1275-45fd-9fc0-06604605b610', 'Platform', '2024-11-19T00:00:00Z',
                'ITEM_RESERVED_NO_LONGER_AVAILABLE', true, '{"itemId": "6f6880d0-93c1-4544-be4a-63a5d5f9c154"}',
                '6f6880d0-93c1-4544-be4a-63a5d5f9c154', NULL
            );
INSERT INTO notifications (
                id, user_id, author, date, type, already_read, payload, item_id, borrow_record_id
            ) VALUES (
                '63057992-3f5a-4d0d-b7bc-2a24e789c155', '29e18a18-b129-4bb5-9008-16266318cf8f', 'Platform', '2024-11-21T00:00:00Z',
                'ITEM_AVAILABLE', false, '{"itemId": "5c4c1817-4a19-4f9b-8a31-f2926baab7e8"}',
                '5c4c1817-4a19-4f9b-8a31-f2926baab7e8', NULL
            );
INSERT INTO notifications (
                id, user_id, author, date, type, already_read, payload, item_id, borrow_record_id
            ) VALUES (
                'ffd23e0a-2b38-41c5-9ca6-f1a10aaadd55', '29e18a18-b129-4bb5-9008-16266318cf8f', 'Platform', '2024-11-20T00:00:00Z',
                'ITEM_DUE', false, '{"itemId": "7d2a21a1-1406-407f-8a16-9f79161cd47a"}',
                '7d2a21a1-1406-407f-8a16-9f79161cd47a', NULL
            );
INSERT INTO notifications (
                id, user_id, author, date, type, already_read, payload, item_id, borrow_record_id
            ) VALUES (
                '1a149173-e730-4b3a-84b4-49e136ee97aa', '29e18a18-b129-4bb5-9008-16266318cf8f', 'Platform', '2024-11-19T00:00:00Z',
                'ITEM_BORROW_RESERVATION_DATE_START', true, '{"itemId": "63789e69-449a-4b88-8eb7-8b037b895dac"}',
                '63789e69-449a-4b88-8eb7-8b037b895dac', NULL
            );
INSERT INTO notifications (
                id, user_id, author, date, type, already_read, payload, item_id, borrow_record_id
            ) VALUES (
                '7ab6c9d0-7461-45a7-bb00-31b072b8ed06', '29e18a18-b129-4bb5-9008-16266318cf8f', 'Platform', '2024-11-19T00:00:00Z',
                'ITEM_RESERVED_NO_LONGER_AVAILABLE', true, '{"itemId": "6f6880d0-93c1-4544-be4a-63a5d5f9c154"}',
                '6f6880d0-93c1-4544-be4a-63a5d5f9c154', NULL
            );
INSERT INTO notifications (
                id, user_id, author, date, type, already_read, payload, item_id, borrow_record_id
            ) VALUES (
                '11294208-9cbe-41c0-b6a0-d4d7196565a1', 'dd5b5b29-3176-4a9f-bef5-4dc62e6fad1e', 'Platform', '2024-11-21T00:00:00Z',
                'ITEM_AVAILABLE', false, '{"itemId": "5c4c1817-4a19-4f9b-8a31-f2926baab7e8"}',
                '5c4c1817-4a19-4f9b-8a31-f2926baab7e8', NULL
            );
INSERT INTO notifications (
                id, user_id, author, date, type, already_read, payload, item_id, borrow_record_id
            ) VALUES (
                '35458d7f-fda0-4822-9cae-fb2bd029694c', 'dd5b5b29-3176-4a9f-bef5-4dc62e6fad1e', 'Platform', '2024-11-20T00:00:00Z',
                'ITEM_DUE', false, '{"itemId": "7d2a21a1-1406-407f-8a16-9f79161cd47a"}',
                '7d2a21a1-1406-407f-8a16-9f79161cd47a', NULL
            );
INSERT INTO notifications (
                id, user_id, author, date, type, already_read, payload, item_id, borrow_record_id
            ) VALUES (
                'd12cbf84-765f-45eb-b6e0-fcade686eb28', 'dd5b5b29-3176-4a9f-bef5-4dc62e6fad1e', 'Platform', '2024-11-19T00:00:00Z',
                'ITEM_BORROW_RESERVATION_DATE_START', true, '{"itemId": "63789e69-449a-4b88-8eb7-8b037b895dac"}',
                '63789e69-449a-4b88-8eb7-8b037b895dac', NULL
            );
INSERT INTO notifications (
                id, user_id, author, date, type, already_read, payload, item_id, borrow_record_id
            ) VALUES (
                '25f3d600-57e5-420f-9477-3b315db5d728', 'dd5b5b29-3176-4a9f-bef5-4dc62e6fad1e', 'Platform', '2024-11-19T00:00:00Z',
                'ITEM_RESERVED_NO_LONGER_AVAILABLE', true, '{"itemId": "6f6880d0-93c1-4544-be4a-63a5d5f9c154"}',
                '6f6880d0-93c1-4544-be4a-63a5d5f9c154', NULL
            );
INSERT INTO notifications (
                id, user_id, author, date, type, already_read, payload, item_id, borrow_record_id
            ) VALUES (
                '101df1e4-43d6-4e69-b808-757059883016', '10ef0370-94e8-4eaf-b1d0-f5fb72c78da3', 'Platform', '2024-11-21T00:00:00Z',
                'ITEM_AVAILABLE', false, '{"itemId": "5c4c1817-4a19-4f9b-8a31-f2926baab7e8"}',
                '5c4c1817-4a19-4f9b-8a31-f2926baab7e8', NULL
            );
INSERT INTO notifications (
                id, user_id, author, date, type, already_read, payload, item_id, borrow_record_id
            ) VALUES (
                '09150094-83f3-46ad-a70f-1a24956588f6', '10ef0370-94e8-4eaf-b1d0-f5fb72c78da3', 'Platform', '2024-11-20T00:00:00Z',
                'ITEM_DUE', false, '{"itemId": "7d2a21a1-1406-407f-8a16-9f79161cd47a"}',
                '7d2a21a1-1406-407f-8a16-9f79161cd47a', NULL
            );
INSERT INTO notifications (
                id, user_id, author, date, type, already_read, payload, item_id, borrow_record_id
            ) VALUES (
                '2f9dd4ec-fff8-4f09-97b8-ddccfa8eeb58', '10ef0370-94e8-4eaf-b1d0-f5fb72c78da3', 'Platform', '2024-11-19T00:00:00Z',
                'ITEM_BORROW_RESERVATION_DATE_START', true, '{"itemId": "63789e69-449a-4b88-8eb7-8b037b895dac"}',
                '63789e69-449a-4b88-8eb7-8b037b895dac', NULL
            );
INSERT INTO notifications (
                id, user_id, author, date, type, already_read, payload, item_id, borrow_record_id
            ) VALUES (
                'cc96a79d-05bc-4b0d-846e-244249eb7405', '10ef0370-94e8-4eaf-b1d0-f5fb72c78da3', 'Platform', '2024-11-19T00:00:00Z',
                'ITEM_RESERVED_NO_LONGER_AVAILABLE', true, '{"itemId": "6f6880d0-93c1-4544-be4a-63a5d5f9c154"}',
                '6f6880d0-93c1-4544-be4a-63a5d5f9c154', NULL
            );
INSERT INTO notifications (
                id, user_id, author, date, type, already_read, payload, item_id, borrow_record_id
            ) VALUES (
                'edcb5bce-e65c-4720-ad3b-036ed17cab5e', 'f0a62726-517a-4c6e-8b75-8ad7a17c44a7', 'Platform', '2024-11-21T00:00:00Z',
                'ITEM_AVAILABLE', false, '{"itemId": "5c4c1817-4a19-4f9b-8a31-f2926baab7e8"}',
                '5c4c1817-4a19-4f9b-8a31-f2926baab7e8', NULL
            );
INSERT INTO notifications (
                id, user_id, author, date, type, already_read, payload, item_id, borrow_record_id
            ) VALUES (
                '4ce4436b-5d83-4ce0-99be-facab92516a2', 'f0a62726-517a-4c6e-8b75-8ad7a17c44a7', 'Platform', '2024-11-20T00:00:00Z',
                'ITEM_DUE', false, '{"itemId": "7d2a21a1-1406-407f-8a16-9f79161cd47a"}',
                '7d2a21a1-1406-407f-8a16-9f79161cd47a', NULL
            );
INSERT INTO notifications (
                id, user_id, author, date, type, already_read, payload, item_id, borrow_record_id
            ) VALUES (
                'd9bed676-55e6-4a52-a3dd-76ffeaa92fe6', 'f0a62726-517a-4c6e-8b75-8ad7a17c44a7', 'Platform', '2024-11-19T00:00:00Z',
                'ITEM_BORROW_RESERVATION_DATE_START', true, '{"itemId": "63789e69-449a-4b88-8eb7-8b037b895dac"}',
                '63789e69-449a-4b88-8eb7-8b037b895dac', NULL
            );
INSERT INTO notifications (
                id, user_id, author, date, type, already_read, payload, item_id, borrow_record_id
            ) VALUES (
                '90644c1a-5f72-4f97-aacf-082c9346f6a1', 'f0a62726-517a-4c6e-8b75-8ad7a17c44a7', 'Platform', '2024-11-19T00:00:00Z',
                'ITEM_RESERVED_NO_LONGER_AVAILABLE', true, '{"itemId": "6f6880d0-93c1-4544-be4a-63a5d5f9c154"}',
                '6f6880d0-93c1-4544-be4a-63a5d5f9c154', NULL
            );
INSERT INTO notifications (
                id, user_id, author, date, type, already_read, payload, item_id, borrow_record_id
            ) VALUES (
                '3c7ef798-0594-4044-8a86-24a1312f7ae0', 'd1d0de66-aad8-47c3-b67a-5977ed69b864', 'Platform', '2024-11-21T00:00:00Z',
                'ITEM_AVAILABLE', false, '{"itemId": "5c4c1817-4a19-4f9b-8a31-f2926baab7e8"}',
                '5c4c1817-4a19-4f9b-8a31-f2926baab7e8', NULL
            );
INSERT INTO notifications (
                id, user_id, author, date, type, already_read, payload, item_id, borrow_record_id
            ) VALUES (
                'e1cda43d-39b0-4912-923b-fa14d5ac8d3c', 'd1d0de66-aad8-47c3-b67a-5977ed69b864', 'Platform', '2024-11-20T00:00:00Z',
                'ITEM_DUE', false, '{"itemId": "7d2a21a1-1406-407f-8a16-9f79161cd47a"}',
                '7d2a21a1-1406-407f-8a16-9f79161cd47a', NULL
            );
INSERT INTO notifications (
                id, user_id, author, date, type, already_read, payload, item_id, borrow_record_id
            ) VALUES (
                '8ef5ef0c-6dcc-4d52-ab7f-427e1b964ce2', 'd1d0de66-aad8-47c3-b67a-5977ed69b864', 'Platform', '2024-11-19T00:00:00Z',
                'ITEM_BORROW_RESERVATION_DATE_START', true, '{"itemId": "63789e69-449a-4b88-8eb7-8b037b895dac"}',
                '63789e69-449a-4b88-8eb7-8b037b895dac', NULL
            );
INSERT INTO notifications (
                id, user_id, author, date, type, already_read, payload, item_id, borrow_record_id
            ) VALUES (
                '1a3a8ae3-3f29-4602-b579-507a21e863a6', 'd1d0de66-aad8-47c3-b67a-5977ed69b864', 'Platform', '2024-11-19T00:00:00Z',
                'ITEM_RESERVED_NO_LONGER_AVAILABLE', true, '{"itemId": "6f6880d0-93c1-4544-be4a-63a5d5f9c154"}',
                '6f6880d0-93c1-4544-be4a-63a5d5f9c154', NULL
            );
INSERT INTO notifications (
                id, user_id, author, date, type, already_read, payload, item_id, borrow_record_id
            ) VALUES (
                'f12aa215-a25e-4308-a6b7-6d19b728cfae', '17ab5163-4d91-4120-94f5-aeeb7bc6b90f', 'Platform', '2024-11-21T00:00:00Z',
                'ITEM_AVAILABLE', false, '{"itemId": "5c4c1817-4a19-4f9b-8a31-f2926baab7e8"}',
                '5c4c1817-4a19-4f9b-8a31-f2926baab7e8', NULL
            );
INSERT INTO notifications (
                id, user_id, author, date, type, already_read, payload, item_id, borrow_record_id
            ) VALUES (
                '919dfab2-b627-4f8c-9b2a-0fa2710ee050', '17ab5163-4d91-4120-94f5-aeeb7bc6b90f', 'Platform', '2024-11-20T00:00:00Z',
                'ITEM_DUE', false, '{"itemId": "7d2a21a1-1406-407f-8a16-9f79161cd47a"}',
                '7d2a21a1-1406-407f-8a16-9f79161cd47a', NULL
            );
INSERT INTO notifications (
                id, user_id, author, date, type, already_read, payload, item_id, borrow_record_id
            ) VALUES (
                '9e246c5e-1203-4916-8678-bcdc5dbf00fb', '17ab5163-4d91-4120-94f5-aeeb7bc6b90f', 'Platform', '2024-11-19T00:00:00Z',
                'ITEM_BORROW_RESERVATION_DATE_START', true, '{"itemId": "63789e69-449a-4b88-8eb7-8b037b895dac"}',
                '63789e69-449a-4b88-8eb7-8b037b895dac', NULL
            );
INSERT INTO notifications (
                id, user_id, author, date, type, already_read, payload, item_id, borrow_record_id
            ) VALUES (
                'c78e6070-a59b-4de2-8f44-2bf4915f354b', '17ab5163-4d91-4120-94f5-aeeb7bc6b90f', 'Platform', '2024-11-19T00:00:00Z',
                'ITEM_RESERVED_NO_LONGER_AVAILABLE', true, '{"itemId": "6f6880d0-93c1-4544-be4a-63a5d5f9c154"}',
                '6f6880d0-93c1-4544-be4a-63a5d5f9c154', NULL
            );
INSERT INTO notifications (
                id, user_id, author, date, type, already_read, payload, item_id, borrow_record_id
            ) VALUES (
                '28bd71f8-9114-4942-8096-4d4dc175793e', '08098122-8fa3-4c22-97b8-f151bd138ade', 'Platform', '2024-11-21T00:00:00Z',
                'ITEM_AVAILABLE', false, '{"itemId": "5c4c1817-4a19-4f9b-8a31-f2926baab7e8"}',
                '5c4c1817-4a19-4f9b-8a31-f2926baab7e8', NULL
            );
INSERT INTO notifications (
                id, user_id, author, date, type, already_read, payload, item_id, borrow_record_id
            ) VALUES (
                'd1d4b4ca-0496-47fc-a846-60a7406b8b2e', '08098122-8fa3-4c22-97b8-f151bd138ade', 'Platform', '2024-11-20T00:00:00Z',
                'ITEM_DUE', false, '{"itemId": "7d2a21a1-1406-407f-8a16-9f79161cd47a"}',
                '7d2a21a1-1406-407f-8a16-9f79161cd47a', NULL
            );
INSERT INTO notifications (
                id, user_id, author, date, type, already_read, payload, item_id, borrow_record_id
            ) VALUES (
                '42b10d0f-5edd-4168-8c27-fd3abfbdda61', '08098122-8fa3-4c22-97b8-f151bd138ade', 'Platform', '2024-11-19T00:00:00Z',
                'ITEM_BORROW_RESERVATION_DATE_START', true, '{"itemId": "63789e69-449a-4b88-8eb7-8b037b895dac"}',
                '63789e69-449a-4b88-8eb7-8b037b895dac', NULL
            );
INSERT INTO notifications (
                id, user_id, author, date, type, already_read, payload, item_id, borrow_record_id
            ) VALUES (
                '08ffc49d-6412-427c-a73c-3cea4e040c85', '08098122-8fa3-4c22-97b8-f151bd138ade', 'Platform', '2024-11-19T00:00:00Z',
                'ITEM_RESERVED_NO_LONGER_AVAILABLE', true, '{"itemId": "6f6880d0-93c1-4544-be4a-63a5d5f9c154"}',
                '6f6880d0-93c1-4544-be4a-63a5d5f9c154', NULL
            );
INSERT INTO notifications (
                id, user_id, author, date, type, already_read, payload, item_id, borrow_record_id
            ) VALUES (
                '9825ddc4-c07d-4307-94ae-97d477c22c30', 'b5d13fc6-d9a4-4459-adf6-e77a8d220e95', 'Platform', '2024-11-21T00:00:00Z',
                'ITEM_AVAILABLE', false, '{"itemId": "5c4c1817-4a19-4f9b-8a31-f2926baab7e8"}',
                '5c4c1817-4a19-4f9b-8a31-f2926baab7e8', NULL
            );
INSERT INTO notifications (
                id, user_id, author, date, type, already_read, payload, item_id, borrow_record_id
            ) VALUES (
                'b171bd5e-6621-45e8-af64-203626fd01b5', 'b5d13fc6-d9a4-4459-adf6-e77a8d220e95', 'Platform', '2024-11-20T00:00:00Z',
                'ITEM_DUE', false, '{"itemId": "7d2a21a1-1406-407f-8a16-9f79161cd47a"}',
                '7d2a21a1-1406-407f-8a16-9f79161cd47a', NULL
            );
INSERT INTO notifications (
                id, user_id, author, date, type, already_read, payload, item_id, borrow_record_id
            ) VALUES (
                '75389036-b435-4273-a9e0-c17aa4c5eed6', 'b5d13fc6-d9a4-4459-adf6-e77a8d220e95', 'Platform', '2024-11-19T00:00:00Z',
                'ITEM_BORROW_RESERVATION_DATE_START', true, '{"itemId": "63789e69-449a-4b88-8eb7-8b037b895dac"}',
                '63789e69-449a-4b88-8eb7-8b037b895dac', NULL
            );
INSERT INTO notifications (
                id, user_id, author, date, type, already_read, payload, item_id, borrow_record_id
            ) VALUES (
                '6dd889b1-029b-41da-8229-bbb3ce61f2a0', 'b5d13fc6-d9a4-4459-adf6-e77a8d220e95', 'Platform', '2024-11-19T00:00:00Z',
                'ITEM_RESERVED_NO_LONGER_AVAILABLE', true, '{"itemId": "6f6880d0-93c1-4544-be4a-63a5d5f9c154"}',
                '6f6880d0-93c1-4544-be4a-63a5d5f9c154', NULL
            );
INSERT INTO notifications (
                id, user_id, author, date, type, already_read, payload, item_id, borrow_record_id
            ) VALUES (
                'f632ea35-763a-4f6e-aece-bba9c535cf20', '1bab3f31-992d-439a-9faa-c2ec9edc0cdc', 'Platform', '2024-11-21T00:00:00Z',
                'ITEM_AVAILABLE', false, '{"itemId": "5c4c1817-4a19-4f9b-8a31-f2926baab7e8"}',
                '5c4c1817-4a19-4f9b-8a31-f2926baab7e8', NULL
            );
INSERT INTO notifications (
                id, user_id, author, date, type, already_read, payload, item_id, borrow_record_id
            ) VALUES (
                'fd67d954-99b6-4cb2-abc1-35acac29bae6', '1bab3f31-992d-439a-9faa-c2ec9edc0cdc', 'Platform', '2024-11-20T00:00:00Z',
                'ITEM_DUE', false, '{"itemId": "7d2a21a1-1406-407f-8a16-9f79161cd47a"}',
                '7d2a21a1-1406-407f-8a16-9f79161cd47a', NULL
            );
INSERT INTO notifications (
                id, user_id, author, date, type, already_read, payload, item_id, borrow_record_id
            ) VALUES (
                '1132eb21-3b79-47e4-8252-78546eeda3a6', '1bab3f31-992d-439a-9faa-c2ec9edc0cdc', 'Platform', '2024-11-19T00:00:00Z',
                'ITEM_BORROW_RESERVATION_DATE_START', true, '{"itemId": "63789e69-449a-4b88-8eb7-8b037b895dac"}',
                '63789e69-449a-4b88-8eb7-8b037b895dac', NULL
            );
INSERT INTO notifications (
                id, user_id, author, date, type, already_read, payload, item_id, borrow_record_id
            ) VALUES (
                '318f50ac-9e0e-4879-ad8a-970ccccd317d', '1bab3f31-992d-439a-9faa-c2ec9edc0cdc', 'Platform', '2024-11-19T00:00:00Z',
                'ITEM_RESERVED_NO_LONGER_AVAILABLE', true, '{"itemId": "6f6880d0-93c1-4544-be4a-63a5d5f9c154"}',
                '6f6880d0-93c1-4544-be4a-63a5d5f9c154', NULL
            );
INSERT INTO notifications (
                id, user_id, author, date, type, already_read, payload, item_id, borrow_record_id
            ) VALUES (
                'fc23b5e9-206c-4df3-b073-382ab53879cb', '75933925-2d69-48c8-9254-aaef1324bb6a', 'Platform', '2024-11-21T00:00:00Z',
                'ITEM_AVAILABLE', false, '{"itemId": "5c4c1817-4a19-4f9b-8a31-f2926baab7e8"}',
                '5c4c1817-4a19-4f9b-8a31-f2926baab7e8', NULL
            );
INSERT INTO notifications (
                id, user_id, author, date, type, already_read, payload, item_id, borrow_record_id
            ) VALUES (
                'd0b127e2-1e1d-49dd-a024-29ebcae8e852', '75933925-2d69-48c8-9254-aaef1324bb6a', 'Platform', '2024-11-20T00:00:00Z',
                'ITEM_DUE', false, '{"itemId": "7d2a21a1-1406-407f-8a16-9f79161cd47a"}',
                '7d2a21a1-1406-407f-8a16-9f79161cd47a', NULL
            );
INSERT INTO notifications (
                id, user_id, author, date, type, already_read, payload, item_id, borrow_record_id
            ) VALUES (
                'dba0b134-552d-45e3-8627-2a7148548517', '75933925-2d69-48c8-9254-aaef1324bb6a', 'Platform', '2024-11-19T00:00:00Z',
                'ITEM_BORROW_RESERVATION_DATE_START', true, '{"itemId": "63789e69-449a-4b88-8eb7-8b037b895dac"}',
                '63789e69-449a-4b88-8eb7-8b037b895dac', NULL
            );
INSERT INTO notifications (
                id, user_id, author, date, type, already_read, payload, item_id, borrow_record_id
            ) VALUES (
                'b115f2e6-463f-4486-89d7-f9303f67ab53', '75933925-2d69-48c8-9254-aaef1324bb6a', 'Platform', '2024-11-19T00:00:00Z',
                'ITEM_RESERVED_NO_LONGER_AVAILABLE', true, '{"itemId": "6f6880d0-93c1-4544-be4a-63a5d5f9c154"}',
                '6f6880d0-93c1-4544-be4a-63a5d5f9c154', NULL
            );
INSERT INTO notifications (
                id, user_id, author, date, type, already_read, payload, item_id, borrow_record_id
            ) VALUES (
                'bbf0dc7f-2067-44a5-a33f-6ac26ced002a', '9239365a-7d91-4651-9d0d-d0a8048e9301', 'Platform', '2024-11-21T00:00:00Z',
                'ITEM_AVAILABLE', false, '{"itemId": "5c4c1817-4a19-4f9b-8a31-f2926baab7e8"}',
                '5c4c1817-4a19-4f9b-8a31-f2926baab7e8', NULL
            );
INSERT INTO notifications (
                id, user_id, author, date, type, already_read, payload, item_id, borrow_record_id
            ) VALUES (
                '8d7cd7ef-4be0-4d9b-9cc8-0608b4b542ab', '9239365a-7d91-4651-9d0d-d0a8048e9301', 'Platform', '2024-11-20T00:00:00Z',
                'ITEM_DUE', false, '{"itemId": "7d2a21a1-1406-407f-8a16-9f79161cd47a"}',
                '7d2a21a1-1406-407f-8a16-9f79161cd47a', NULL
            );
INSERT INTO notifications (
                id, user_id, author, date, type, already_read, payload, item_id, borrow_record_id
            ) VALUES (
                'a7b1e3e9-ed4e-44ae-869d-1add27646da8', '9239365a-7d91-4651-9d0d-d0a8048e9301', 'Platform', '2024-11-19T00:00:00Z',
                'ITEM_BORROW_RESERVATION_DATE_START', true, '{"itemId": "63789e69-449a-4b88-8eb7-8b037b895dac"}',
                '63789e69-449a-4b88-8eb7-8b037b895dac', NULL
            );
INSERT INTO notifications (
                id, user_id, author, date, type, already_read, payload, item_id, borrow_record_id
            ) VALUES (
                'a627bb60-dd1b-4c1e-92d8-c2100d2dd906', '9239365a-7d91-4651-9d0d-d0a8048e9301', 'Platform', '2024-11-19T00:00:00Z',
                'ITEM_RESERVED_NO_LONGER_AVAILABLE', true, '{"itemId": "6f6880d0-93c1-4544-be4a-63a5d5f9c154"}',
                '6f6880d0-93c1-4544-be4a-63a5d5f9c154', NULL
            );
INSERT INTO notifications (
                id, user_id, author, date, type, already_read, payload, item_id, borrow_record_id
            ) VALUES (
                'e7e26aa3-bb89-4991-afe8-d52e84edd8bc', '87d8ec68-8512-40b6-bbea-e51fb02590f3', 'Platform', '2024-11-21T00:00:00Z',
                'ITEM_AVAILABLE', false, '{"itemId": "5c4c1817-4a19-4f9b-8a31-f2926baab7e8"}',
                '5c4c1817-4a19-4f9b-8a31-f2926baab7e8', NULL
            );
INSERT INTO notifications (
                id, user_id, author, date, type, already_read, payload, item_id, borrow_record_id
            ) VALUES (
                '9df19dc7-a8cc-4b75-aefd-0d40a911a9bb', '87d8ec68-8512-40b6-bbea-e51fb02590f3', 'Platform', '2024-11-20T00:00:00Z',
                'ITEM_DUE', false, '{"itemId": "7d2a21a1-1406-407f-8a16-9f79161cd47a"}',
                '7d2a21a1-1406-407f-8a16-9f79161cd47a', NULL
            );
INSERT INTO notifications (
                id, user_id, author, date, type, already_read, payload, item_id, borrow_record_id
            ) VALUES (
                '270032d0-d483-4534-8fde-76d1746ec785', '87d8ec68-8512-40b6-bbea-e51fb02590f3', 'Platform', '2024-11-19T00:00:00Z',
                'ITEM_BORROW_RESERVATION_DATE_START', true, '{"itemId": "63789e69-449a-4b88-8eb7-8b037b895dac"}',
                '63789e69-449a-4b88-8eb7-8b037b895dac', NULL
            );
INSERT INTO notifications (
                id, user_id, author, date, type, already_read, payload, item_id, borrow_record_id
            ) VALUES (
                '427dd745-31df-429c-bd3e-b47cf3f1d8dd', '87d8ec68-8512-40b6-bbea-e51fb02590f3', 'Platform', '2024-11-19T00:00:00Z',
                'ITEM_RESERVED_NO_LONGER_AVAILABLE', true, '{"itemId": "6f6880d0-93c1-4544-be4a-63a5d5f9c154"}',
                '6f6880d0-93c1-4544-be4a-63a5d5f9c154', NULL
            );
INSERT INTO notifications (
                id, user_id, author, date, type, already_read, payload, item_id, borrow_record_id
            ) VALUES (
                'bf2e65df-bea3-4b5d-b268-a10d3dc428d6', 'e9594f31-1592-4c04-86b9-3e1791854d63', 'Platform', '2024-11-21T00:00:00Z',
                'ITEM_AVAILABLE', false, '{"itemId": "5c4c1817-4a19-4f9b-8a31-f2926baab7e8"}',
                '5c4c1817-4a19-4f9b-8a31-f2926baab7e8', NULL
            );
INSERT INTO notifications (
                id, user_id, author, date, type, already_read, payload, item_id, borrow_record_id
            ) VALUES (
                '8ec07029-12c7-437a-b9e5-d1208591dd38', 'e9594f31-1592-4c04-86b9-3e1791854d63', 'Platform', '2024-11-20T00:00:00Z',
                'ITEM_DUE', false, '{"itemId": "7d2a21a1-1406-407f-8a16-9f79161cd47a"}',
                '7d2a21a1-1406-407f-8a16-9f79161cd47a', NULL
            );
INSERT INTO notifications (
                id, user_id, author, date, type, already_read, payload, item_id, borrow_record_id
            ) VALUES (
                'f2021eb8-b92e-473f-8160-fae1b606c46a', 'e9594f31-1592-4c04-86b9-3e1791854d63', 'Platform', '2024-11-19T00:00:00Z',
                'ITEM_BORROW_RESERVATION_DATE_START', true, '{"itemId": "63789e69-449a-4b88-8eb7-8b037b895dac"}',
                '63789e69-449a-4b88-8eb7-8b037b895dac', NULL
            );
INSERT INTO notifications (
                id, user_id, author, date, type, already_read, payload, item_id, borrow_record_id
            ) VALUES (
                'bcdca530-eb52-4ecb-b27e-06c0db245827', 'e9594f31-1592-4c04-86b9-3e1791854d63', 'Platform', '2024-11-19T00:00:00Z',
                'ITEM_RESERVED_NO_LONGER_AVAILABLE', true, '{"itemId": "6f6880d0-93c1-4544-be4a-63a5d5f9c154"}',
                '6f6880d0-93c1-4544-be4a-63a5d5f9c154', NULL
            );

-- Help Categories and Articles
INSERT INTO help_categories (id, name, icon, display_order) VALUES ('6ddc627c-46eb-4d54-80f6-940e7561df76', 'General', '@tui.globe', 1);
INSERT INTO help_categories (id, name, icon, display_order) VALUES ('c91ac3bd-4cc7-4933-b816-8ae54d757b39', 'Account', 'user', 2);
INSERT INTO help_categories (id, name, icon, display_order) VALUES ('32c95e7f-7359-4440-9bb4-e040426a5a31', 'Billing', 'credit-card', 3);
INSERT INTO help_categories (id, name, icon, display_order) VALUES ('d76ba519-91f4-4d8e-921d-3a00d718624c', 'Technical Support', 'settings', 4);
INSERT INTO help_categories (id, name, icon, display_order) VALUES ('30abe0b5-1766-4185-9539-db10c8a915cb', 'Privacy', 'lock', 5);
INSERT INTO help_categories (id, name, icon, display_order) VALUES ('8cc1a929-bebf-42b0-a710-6f11ac55838f', 'Security', 'shield', 6);
INSERT INTO help_categories (id, name, icon, display_order) VALUES ('b06b0cf9-fc96-4258-bfd8-08338f68411c', 'Feedback', 'message-circle', 7);
INSERT INTO help_categories (id, name, icon, display_order) VALUES ('ae5a81e0-80d7-41ff-a8f4-70236f4e5a65', 'Updates', 'bell-ring', 8);
INSERT INTO help_articles (id, title, content, display_order, category_id) VALUES ('495d0dc4-4b17-47c2-85aa-ed90507093c6', 'How to use the app', '<p><b>This article</b> provides a comprehensive guide on how to use the app effectively. It covers the basic functionalities, navigation tips, and advanced features. Users will learn how to customize their settings, manage notifications, and utilize the app''s tools to enhance productivity. Additionally, troubleshooting common issues and accessing support are discussed. By the end of this article, users should feel confident in navigating and utilizing the app to its fullest potential.</p>', 1, '6ddc627c-46eb-4d54-80f6-940e7561df76');
INSERT INTO help_articles (id, title, content, display_order, category_id) VALUES ('80dab548-841d-4aae-8b92-f56c7c4e4387', 'Creating an Account', 'Creating an account is the first step to accessing all the features of our service. This article walks you through the registration process, including filling out your personal information, verifying your email address, and setting up a secure password. We also provide tips on choosing a strong password and keeping your account information safe. Once registered, you''ll be able to personalize your profile and start using the app immediately.', 2, 'c91ac3bd-4cc7-4933-b816-8ae54d757b39');
INSERT INTO help_articles (id, title, content, display_order, category_id) VALUES ('958ef574-2e85-4860-8c01-0f1584507b7c', 'Resetting Password', 'If you''ve forgotten your password or need to reset it for security reasons, this article will guide you through the process. We explain how to initiate a password reset from the login screen, receive a reset link via email, and create a new password. Additionally, we offer advice on creating a strong password and maintaining account security. Remember to update your password regularly to protect your account from unauthorized access.', 3, 'c91ac3bd-4cc7-4933-b816-8ae54d757b39');
INSERT INTO help_articles (id, title, content, display_order, category_id) VALUES ('2fca7ae1-34b0-4620-bb1e-e813176d56e4', 'Understanding Your Bill', 'Billing can often be confusing, but this article aims to clarify the details of your bill. We break down each section of your bill, explaining charges, fees, and any applicable taxes. You''ll learn how to read your billing statement, understand your payment options, and manage your billing preferences. We also provide information on how to dispute charges and contact customer support for billing inquiries.', 4, '32c95e7f-7359-4440-9bb4-e040426a5a31');
INSERT INTO help_articles (id, title, content, display_order, category_id) VALUES ('d7427846-3205-4201-a662-3a758afa16a9', 'Troubleshooting Login Issues', 'Experiencing login issues can be frustrating, but this article offers solutions to common problems. We cover scenarios such as forgotten passwords, account lockouts, and two-factor authentication errors. Step-by-step instructions are provided to help you regain access to your account. Additionally, we discuss how to update your login credentials and ensure your account remains secure.', 5, 'd76ba519-91f4-4d8e-921d-3a00d718624c');
INSERT INTO help_articles (id, title, content, display_order, category_id) VALUES ('6c901376-a653-41a2-9a53-fc316f5a80d0', 'Privacy Settings Overview', 'Your privacy is important to us, and this article explains how to manage your privacy settings. We guide you through the process of adjusting who can see your information, how to control data sharing, and setting up privacy alerts. Learn how to review your privacy settings regularly and make informed decisions about your data. We also provide tips on protecting your personal information online.', 6, '30abe0b5-1766-4185-9539-db10c8a915cb');
INSERT INTO help_articles (id, title, content, display_order, category_id) VALUES ('ed2b7095-b11d-40de-b301-b5f900e7b0d2', 'Enhancing Account Security', 'Security is a top priority, and this article provides tips on enhancing your account security. We discuss the importance of using strong, unique passwords, enabling two-factor authentication, and recognizing phishing attempts. Learn how to monitor your account for suspicious activity and what steps to take if you suspect a security breach. Keeping your account secure is a shared responsibility, and we provide the tools to help you do so.', 7, '8cc1a929-bebf-42b0-a710-6f11ac55838f');
INSERT INTO help_articles (id, title, content, display_order, category_id) VALUES ('f554f745-755f-47b4-90d1-f9e5c18f6233', 'Providing Feedback', 'We value your feedback and encourage you to share your thoughts on our services. This article explains how to submit feedback, whether it''s a suggestion, compliment, or complaint. We outline the different channels available for providing feedback and how we use your input to improve our offerings. Your feedback is crucial in helping us deliver the best possible experience.', 8, 'b06b0cf9-fc96-4258-bfd8-08338f68411c');
INSERT INTO help_articles (id, title, content, display_order, category_id) VALUES ('13ce7f22-bcd5-4dc7-840d-4266d1ab8157', 'Latest App Updates', 'Stay informed about the latest updates to our app with this article. We provide details on new features, improvements, and bug fixes. Learn how to update your app to the latest version and take advantage of the enhancements. We also discuss upcoming features and how you can participate in beta testing. Keeping your app updated ensures you have the best experience possible.', 9, 'ae5a81e0-80d7-41ff-a8f4-70236f4e5a65');
INSERT INTO help_articles (id, title, content, display_order, category_id) VALUES ('06074ab6-c096-4a6a-bc40-562f1ef69320', 'General Tips for New Users', 'Welcome to our app! This article is designed to help new users get started. We cover the basics of setting up your profile, exploring the main features, and customizing your experience. You''ll also find tips on how to connect with other users and make the most of the hub features. Whether you''re here for personal use or professional networking, these tips will help you get the most out of your experience.', 10, '6ddc627c-46eb-4d54-80f6-940e7561df76');
INSERT INTO help_articles (id, title, content, display_order, category_id) VALUES ('87964e2d-03a7-40d5-ad06-3da9645fcf7c', 'Managing Your Account Settings', 'Your account settings are crucial for personalizing your experience. This article guides you through the various settings available, including notification preferences, privacy controls, and account security options. Learn how to update your profile information, link social media accounts, and manage your subscription settings. Keeping your account settings up-to-date ensures a seamless and secure experience.', 11, 'c91ac3bd-4cc7-4933-b816-8ae54d757b39');
INSERT INTO help_articles (id, title, content, display_order, category_id) VALUES ('541ce669-7cdb-4a3d-989e-dcc2869a4c32', 'Understanding Subscription Plans', 'Choosing the right subscription plan is important for accessing the features you need. This article explains the different plans available, including their benefits, costs, and limitations. We also provide guidance on how to upgrade or downgrade your plan, manage your billing cycle, and take advantage of promotional offers. Understanding your subscription options helps you make informed decisions about your service.', 12, '32c95e7f-7359-4440-9bb4-e040426a5a31');
INSERT INTO help_articles (id, title, content, display_order, category_id) VALUES ('bb76aa53-4a0f-4a5e-930e-d464075fd3b3', 'Resolving Technical Issues', 'Technical issues can disrupt your experience, but this article offers solutions to common problems. We cover topics such as app crashes, connectivity issues, and performance slowdowns. Step-by-step troubleshooting guides are provided to help you resolve these issues quickly. Additionally, we discuss how to report bugs and contact technical support for further assistance.', 13, 'd76ba519-91f4-4d8e-921d-3a00d718624c');
INSERT INTO help_articles (id, title, content, display_order, category_id) VALUES ('005570c0-35c0-4f8b-845a-c81d61656b05', 'Data Privacy and Protection', 'Protecting your data is a top priority, and this article explains how we safeguard your information. We discuss our data privacy policies, how we collect and use your data, and the measures we take to protect it. Learn about your rights regarding data access and deletion, and how to manage your data preferences. Understanding our commitment to data privacy helps you feel secure in using our services.', 14, '30abe0b5-1766-4185-9539-db10c8a915cb');
INSERT INTO help_articles (id, title, content, display_order, category_id) VALUES ('1225b891-3db3-4b2d-b72c-28c73bc02a30', 'Recognizing and Avoiding Scams', 'Online scams are a growing concern, and this article provides tips on recognizing and avoiding them. We discuss common scam tactics, such as phishing emails and fraudulent websites, and how to protect yourself from falling victim. Learn how to verify the authenticity of communications, report suspicious activity, and keep your personal information safe. Staying informed about scams helps you navigate the online world safely.', 15, '8cc1a929-bebf-42b0-a710-6f11ac55838f');
INSERT INTO help_articles (id, title, content, display_order, category_id) VALUES ('f47399ff-177f-4f68-a30b-db4e7dee47d3', 'How to Submit a Feature Request', 'We welcome your ideas for new features and improvements. This article explains how to submit a feature request, including the information we need to evaluate your suggestion. We outline the process for reviewing and implementing new features, and how you can track the progress of your request. Your input is valuable in shaping the future of our app, and we encourage you to share your ideas.', 16, 'b06b0cf9-fc96-4258-bfd8-08338f68411c');
INSERT INTO help_articles (id, title, content, display_order, category_id) VALUES ('1d35599b-c5b2-4f28-a94c-5d032c662bfc', 'Participating in Beta Testing', 'Join our beta testing program to get early access to new features and provide feedback. This article explains how to sign up for beta testing, what to expect during the testing phase, and how to provide feedback on your experience. Participating in beta testing gives you a chance to influence the development of our app and help us deliver the best possible experience to all users.', 17, 'ae5a81e0-80d7-41ff-a8f4-70236f4e5a65');
INSERT INTO help_articles (id, title, content, display_order, category_id) VALUES ('a2a1faae-b5ef-4b16-96b0-43eab67356bc', 'Navigating the App Interface', 'This article provides tips on navigating the app interface efficiently. Learn about the layout, key features, and shortcuts to enhance your user experience.', 18, '6ddc627c-46eb-4d54-80f6-940e7561df76');
INSERT INTO help_articles (id, title, content, display_order, category_id) VALUES ('0f76e656-70db-4d98-9868-b23288e0cbf0', 'Customizing Your Dashboard', 'Discover how to customize your dashboard to suit your preferences. This article covers widget management, layout adjustments, and personalization options.', 19, '6ddc627c-46eb-4d54-80f6-940e7561df76');
INSERT INTO help_articles (id, title, content, display_order, category_id) VALUES ('29a0c6d4-af40-4dbe-a9ae-9bb91920b723', 'Advanced Account Settings', 'Explore advanced settings to optimize your account. This article guides you through security enhancements, privacy controls, and notification preferences.', 20, 'c91ac3bd-4cc7-4933-b816-8ae54d757b39');
INSERT INTO help_articles (id, title, content, display_order, category_id) VALUES ('c9fc3e66-0ff1-4f70-af97-671e560d761d', 'Managing Multiple Accounts', 'Learn how to manage multiple accounts efficiently. This article provides strategies for switching between accounts and keeping your information organized.', 21, 'c91ac3bd-4cc7-4933-b816-8ae54d757b39');
INSERT INTO help_articles (id, title, content, display_order, category_id) VALUES ('9e4a80f9-20ed-43d0-b82f-41b855692dff', 'Understanding Billing Cycles', 'Gain insights into how billing cycles work. This article explains billing periods, due dates, and how to avoid late fees.', 22, '32c95e7f-7359-4440-9bb4-e040426a5a31');
INSERT INTO help_articles (id, title, content, display_order, category_id) VALUES ('438b1051-b082-4ab7-936b-9151537042b5', 'Setting Up Auto-Pay', 'Automate your payments with ease. This article walks you through setting up auto-pay and managing your payment methods.', 23, '32c95e7f-7359-4440-9bb4-e040426a5a31');
INSERT INTO help_articles (id, title, content, display_order, category_id) VALUES ('7b69b293-ad6c-4c10-b835-ae2e236af229', 'Technical Support FAQs', 'Find answers to common technical questions. This article compiles frequently asked questions and solutions for quick troubleshooting.', 24, 'd76ba519-91f4-4d8e-921d-3a00d718624c');
INSERT INTO help_articles (id, title, content, display_order, category_id) VALUES ('040e5000-9640-4aeb-ae06-1301c43efb2e', 'Optimizing App Performance', 'Enhance your app''s performance with these tips. This article covers memory management, app updates, and device compatibility.', 25, 'd76ba519-91f4-4d8e-921d-3a00d718624c');
INSERT INTO help_articles (id, title, content, display_order, category_id) VALUES ('d6f54466-5709-441d-89d1-fc722344f71a', 'Privacy Policy Overview', 'Understand our privacy policy in detail. This article explains how we handle your data and your rights as a user.', 26, '30abe0b5-1766-4185-9539-db10c8a915cb');
INSERT INTO help_articles (id, title, content, display_order, category_id) VALUES ('d2c99af5-cb19-4417-a8aa-e6b4ad962461', 'Data Encryption Explained', 'Learn about data encryption and its importance. This article discusses encryption methods and how they protect your information.', 27, '30abe0b5-1766-4185-9539-db10c8a915cb');
INSERT INTO help_articles (id, title, content, display_order, category_id) VALUES ('ac222655-ecf9-4515-bcad-de3eed807006', 'Security Best Practices', 'Adopt best practices for securing your account. This article provides guidelines on password management, two-factor authentication, and more.', 28, '8cc1a929-bebf-42b0-a710-6f11ac55838f');
INSERT INTO help_articles (id, title, content, display_order, category_id) VALUES ('6471a889-8377-484d-8700-f00b282fbc76', 'Identifying Phishing Attempts', 'Stay safe from phishing scams. This article teaches you how to recognize phishing attempts and protect your personal information.', 29, '8cc1a929-bebf-42b0-a710-6f11ac55838f');
INSERT INTO help_articles (id, title, content, display_order, category_id) VALUES ('4c5e7506-0acc-4d15-8c1a-81a5989fccc3', 'Effective Feedback Techniques', 'Learn how to provide constructive feedback. This article offers tips on articulating your thoughts and ensuring your feedback is impactful.', 30, 'b06b0cf9-fc96-4258-bfd8-08338f68411c');
INSERT INTO help_articles (id, title, content, display_order, category_id) VALUES ('406179d5-fb96-427f-8837-8dc7ac4e81f7', 'Feedback and Improvement Cycle', 'Understand how your feedback contributes to improvements. This article explains the feedback loop and how we implement changes based on user input.', 31, 'b06b0cf9-fc96-4258-bfd8-08338f68411c');
INSERT INTO help_articles (id, title, content, display_order, category_id) VALUES ('16586efb-140d-4294-9b2f-83760c588fdd', 'Upcoming Features Preview', 'Get a sneak peek at upcoming features. This article highlights new developments and how they will enhance your app experience.', 32, 'ae5a81e0-80d7-41ff-a8f4-70236f4e5a65');
INSERT INTO help_articles (id, title, content, display_order, category_id) VALUES ('af138c22-3a6d-422b-8a5c-368fbd134ac5', 'Participating in User Surveys', 'Contribute to our app''s development by participating in surveys. This article explains how your input shapes future updates.', 33, 'ae5a81e0-80d7-41ff-a8f4-70236f4e5a65');

-- Custom Pages
INSERT INTO custom_pages (id, position, ref, title, community_id, display_order, content) VALUES ('950d07a1-d9cf-4134-b5c3-76552144edf0', 'FOOTER_LINKS', 'my-neighborhood', 'My neighborhood', NULL, 0, 'This is the content of the first custom page.');
INSERT INTO custom_pages (id, position, ref, title, community_id, display_order, content) VALUES ('31c33b48-100c-4fc4-88e2-38501d126c79', 'FOOTER_LINKS', 'how-borrowing-works', 'How borrowing works', NULL, 1, 'This is the content of the first custom page.');
INSERT INTO custom_pages (id, position, ref, title, community_id, display_order, content) VALUES ('38d16962-570e-4a16-aec5-ef9ca371f44d', 'FOOTER_LINKS', 'share-give-an-object', 'Share/give an object', NULL, 2, 'This is the content of the first custom page.');
INSERT INTO custom_pages (id, position, ref, title, community_id, display_order, content) VALUES ('a56bc6d4-d1de-4907-878a-0f947176ecc4', 'COPYRIGHT', 'privacy-policy', 'Privacy policy', NULL, 0, 'This is the content of the first custom page.');
INSERT INTO custom_pages (id, position, ref, title, community_id, display_order, content) VALUES ('b71df654-e6b9-4ccf-87cd-c29692325d46', 'COPYRIGHT', 'terms-of-use', 'Terms of use', NULL, 1, 'This is the content of the first custom page.');
INSERT INTO custom_pages (id, position, ref, title, community_id, display_order, content) VALUES ('17ee4561-ae8e-4c40-8776-4e149cd945f7', 'COMMUNITY', 'home', 'Home', '97ec6ea0-7834-422b-9385-1a274c3e3325', 1, 'This is the home page of the communauté de l''anneau.');
INSERT INTO custom_pages (id, position, ref, title, community_id, display_order, content) VALUES ('45094e1f-0285-4497-81cb-cdae83e4ecb8', 'COMMUNITY', 'about', 'About', '97ec6ea0-7834-422b-9385-1a274c3e3325', 2, 'This is the about page of the communauté de l''anneau.');
INSERT INTO custom_pages (id, position, ref, title, community_id, display_order, content) VALUES ('01f0a279-8ad1-4d45-8533-370cd1efa95a', 'COMMUNITY', 'contact', 'Contact', '97ec6ea0-7834-422b-9385-1a274c3e3325', 3, 'This is the contact page of the communauté de l''anneau.');
INSERT INTO custom_pages (id, position, ref, title, community_id, display_order, content) VALUES ('9e62265a-3199-4e13-8494-cc2af689c047', 'COMMUNITY', 'how-to-borrow', 'How to borrow', '97ec6ea0-7834-422b-9385-1a274c3e3325', 4, 'This is the how to borrow page of the communauté de l''anneau.');
INSERT INTO custom_pages (id, position, ref, title, community_id, display_order, content) VALUES ('1e1c24d9-fc36-4817-98f6-0ef975ba18c4', 'COMMUNITY', 'home', 'Home', '76c49237-730e-445d-900d-c59ea2ca0d13', 1, 'This is the home page of the terre de laya.');
INSERT INTO custom_pages (id, position, ref, title, community_id, display_order, content) VALUES ('41103e90-b974-4ece-9ee4-f24d6e683562', 'COMMUNITY', 'about', 'About', '76c49237-730e-445d-900d-c59ea2ca0d13', 2, 'This is the about page of the terre de laya.');
INSERT INTO custom_pages (id, position, ref, title, community_id, display_order, content) VALUES ('dbdd0ae5-4e84-4c8b-8b21-aff66b0de386', 'COMMUNITY', 'contact', 'Contact', '76c49237-730e-445d-900d-c59ea2ca0d13', 3, 'This is the contact page of the terre de laya.');
INSERT INTO custom_pages (id, position, ref, title, community_id, display_order, content) VALUES ('e8773a0b-5ab0-4107-a1e2-0333bd41136b', 'COMMUNITY', 'how-to-borrow', 'How to borrow', '76c49237-730e-445d-900d-c59ea2ca0d13', 4, 'This is the how to borrow page of the terre de laya.');
INSERT INTO custom_pages (id, position, ref, title, community_id, display_order, content) VALUES ('3566a0a5-6d42-415b-919f-a90f1b76eccb', 'FOOTER_LINKS', 'home', 'Home', '6061c04d-6988-4098-b924-dc209a1c04ae', 1, 'Bienvenue sur la page d''accueil du partage d''objects de Beaulieu.');
INSERT INTO custom_pages (id, position, ref, title, community_id, display_order, content) VALUES ('9ceeb369-f17c-437e-b52f-8f2838c52c33', 'FOOTER_LINKS', 'home', 'Home', 'e4a76fa5-33c4-404d-bcf0-effd818874e4', 1, 'Bienvenue sur la page d''accueil du partage d''objects des 3 cités.');
INSERT INTO custom_pages (id, position, ref, title, community_id, display_order, content) VALUES ('33d0a050-8eba-4fb7-b856-dda1dafe25db', 'FOOTER_LINKS', 'home', 'Home', 'd40ad763-1bed-43e7-bbd4-eb10ce50571c', 1, 'Bienvenue sur la page d''accueil du partage d''objects du quartier des rocs.');
INSERT INTO custom_pages (id, position, ref, title, community_id, display_order, content) VALUES ('3681d801-d017-49da-aeb2-539a35427694', 'FOOTER_LINKS', 'home', 'Home', '09ee1c7b-fc45-4675-a597-057ce1b5847f', 1, 'Bienvenue sur la page d''accueil du partage d''objects du quartier du centre-ville de Poitiers.');

-- Community Members
INSERT INTO community_members (id, community_id, user_id, role) VALUES ('5085ecea-52f9-4294-ba97-f180a20f126c', '97ec6ea0-7834-422b-9385-1a274c3e3325', '0af3d6dd-7020-4acd-9884-cc8f458ede68', 'MEMBER');
INSERT INTO community_members (id, community_id, user_id, role) VALUES ('c5f537ab-b4e0-4522-b85a-92d2e2817c4f', '97ec6ea0-7834-422b-9385-1a274c3e3325', '072bae74-494f-4aff-9ab5-77968851a059', 'MEMBER');
INSERT INTO community_members (id, community_id, user_id, role) VALUES ('207217a3-47e0-4562-a4b2-f276ba74490a', '97ec6ea0-7834-422b-9385-1a274c3e3325', '1f8a2e17-1275-45fd-9fc0-06604605b610', 'ADMIN');
INSERT INTO community_members (id, community_id, user_id, role) VALUES ('efceddaf-1e67-4d84-8061-0f3d51cb8acb', '97ec6ea0-7834-422b-9385-1a274c3e3325', '29e18a18-b129-4bb5-9008-16266318cf8f', 'MEMBER');
INSERT INTO community_members (id, community_id, user_id, role) VALUES ('8cb2f9c0-ce63-4fef-8bce-d09ee5c88f65', '97ec6ea0-7834-422b-9385-1a274c3e3325', 'dd5b5b29-3176-4a9f-bef5-4dc62e6fad1e', 'MEMBER');
INSERT INTO community_members (id, community_id, user_id, role) VALUES ('179a6ff6-8a2d-49ef-bef7-c1f41cd59c97', '97ec6ea0-7834-422b-9385-1a274c3e3325', '10ef0370-94e8-4eaf-b1d0-f5fb72c78da3', 'MEMBER');
INSERT INTO community_members (id, community_id, user_id, role) VALUES ('fd246482-58fc-47fd-aac3-17864caed715', '97ec6ea0-7834-422b-9385-1a274c3e3325', 'f0a62726-517a-4c6e-8b75-8ad7a17c44a7', 'MEMBER');
INSERT INTO community_members (id, community_id, user_id, role) VALUES ('365face7-031c-4e39-bce4-c5ee9bb5544f', '97ec6ea0-7834-422b-9385-1a274c3e3325', 'd1d0de66-aad8-47c3-b67a-5977ed69b864', 'MEMBER');
INSERT INTO community_members (id, community_id, user_id, role) VALUES ('e7360e71-beca-42d9-b795-c7836eb520fd', '97ec6ea0-7834-422b-9385-1a274c3e3325', '17ab5163-4d91-4120-94f5-aeeb7bc6b90f', 'MEMBER');
INSERT INTO community_members (id, community_id, user_id, role) VALUES ('b2985d0b-d196-48f7-97a8-f20c65360741', '97ec6ea0-7834-422b-9385-1a274c3e3325', '08098122-8fa3-4c22-97b8-f151bd138ade', 'MEMBER');
INSERT INTO community_members (id, community_id, user_id, role) VALUES ('d2eab516-c313-4e6d-a488-9de22b4dd5e6', '97ec6ea0-7834-422b-9385-1a274c3e3325', 'b5d13fc6-d9a4-4459-adf6-e77a8d220e95', 'MEMBER');
INSERT INTO community_members (id, community_id, user_id, role) VALUES ('1b6b736e-09a4-4a10-9c8b-2e189cb46fd0', '97ec6ea0-7834-422b-9385-1a274c3e3325', '1bab3f31-992d-439a-9faa-c2ec9edc0cdc', 'MEMBER');
INSERT INTO community_members (id, community_id, user_id, role) VALUES ('3ddc0a94-a72b-4ffe-ad56-7495a5fb73db', '97ec6ea0-7834-422b-9385-1a274c3e3325', '87d8ec68-8512-40b6-bbea-e51fb02590f3', 'ADMIN');
INSERT INTO community_members (id, community_id, user_id, role) VALUES ('4dbab5fa-0ad5-4f42-a274-8dffef9c67a5', '97ec6ea0-7834-422b-9385-1a274c3e3325', 'e9594f31-1592-4c04-86b9-3e1791854d63', 'MEMBER');
INSERT INTO community_members (id, community_id, user_id, role) VALUES ('715f6539-3a85-40c9-b486-2b780949b3e8', '76c49237-730e-445d-900d-c59ea2ca0d13', 'b5d13fc6-d9a4-4459-adf6-e77a8d220e95', 'ADMIN');
INSERT INTO community_members (id, community_id, user_id, role) VALUES ('41cda85d-611f-47e1-8b53-9a52f9ea48a2', '76c49237-730e-445d-900d-c59ea2ca0d13', '1bab3f31-992d-439a-9faa-c2ec9edc0cdc', 'MEMBER');
INSERT INTO community_members (id, community_id, user_id, role) VALUES ('c5ba63b7-bd43-4a20-a208-89ca1bfdf6bf', '76c49237-730e-445d-900d-c59ea2ca0d13', '87d8ec68-8512-40b6-bbea-e51fb02590f3', 'ADMIN');
INSERT INTO community_members (id, community_id, user_id, role) VALUES ('60f98fcd-305a-42eb-b2bf-64b70b058c61', '76c49237-730e-445d-900d-c59ea2ca0d13', 'e9594f31-1592-4c04-86b9-3e1791854d63', 'MEMBER');
INSERT INTO community_members (id, community_id, user_id, role) VALUES ('f59f1f15-0ca5-4564-95ef-91ad634ea223', '6061c04d-6988-4098-b924-dc209a1c04ae', 'b5d13fc6-d9a4-4459-adf6-e77a8d220e95', 'ADMIN');
INSERT INTO community_members (id, community_id, user_id, role) VALUES ('8a837853-6471-4977-a4f3-a4799b80d267', '6061c04d-6988-4098-b924-dc209a1c04ae', '1bab3f31-992d-439a-9faa-c2ec9edc0cdc', 'MEMBER');
INSERT INTO community_members (id, community_id, user_id, role) VALUES ('b5cd4315-8c69-464f-86b3-e525d3f165d5', 'e4a76fa5-33c4-404d-bcf0-effd818874e4', 'b5d13fc6-d9a4-4459-adf6-e77a8d220e95', 'ADMIN');
INSERT INTO community_members (id, community_id, user_id, role) VALUES ('45f57b6f-44b7-46af-95b4-fa0b1c795844', 'e4a76fa5-33c4-404d-bcf0-effd818874e4', '1bab3f31-992d-439a-9faa-c2ec9edc0cdc', 'MEMBER');
INSERT INTO community_members (id, community_id, user_id, role) VALUES ('588829dd-fdf1-4be2-8a0b-87efaec6d437', 'e4a76fa5-33c4-404d-bcf0-effd818874e4', '87d8ec68-8512-40b6-bbea-e51fb02590f3', 'ADMIN');
INSERT INTO community_members (id, community_id, user_id, role) VALUES ('8ccd30e1-8bb2-405c-9948-86a5c41a3752', 'e4a76fa5-33c4-404d-bcf0-effd818874e4', 'e9594f31-1592-4c04-86b9-3e1791854d63', 'MEMBER');
INSERT INTO community_members (id, community_id, user_id, role) VALUES ('6eb08d79-1a19-4e66-8256-0ef641dac5ca', 'd40ad763-1bed-43e7-bbd4-eb10ce50571c', 'b5d13fc6-d9a4-4459-adf6-e77a8d220e95', 'ADMIN');
INSERT INTO community_members (id, community_id, user_id, role) VALUES ('3bd060d6-9841-40fc-a115-11b85ca29a8f', 'd40ad763-1bed-43e7-bbd4-eb10ce50571c', '1bab3f31-992d-439a-9faa-c2ec9edc0cdc', 'MEMBER');
INSERT INTO community_members (id, community_id, user_id, role) VALUES ('ea1f2a07-24f4-41de-8305-17cad1b61184', 'd40ad763-1bed-43e7-bbd4-eb10ce50571c', '87d8ec68-8512-40b6-bbea-e51fb02590f3', 'MEMBER');
INSERT INTO community_members (id, community_id, user_id, role) VALUES ('1c999bbf-9969-4b8c-8d80-61b6e2cb1181', 'd40ad763-1bed-43e7-bbd4-eb10ce50571c', 'e9594f31-1592-4c04-86b9-3e1791854d63', 'ADMIN');
INSERT INTO community_members (id, community_id, user_id, role) VALUES ('add02860-1e67-472e-8b71-8b98e7e60f28', '09ee1c7b-fc45-4675-a597-057ce1b5847f', 'b5d13fc6-d9a4-4459-adf6-e77a8d220e95', 'ADMIN');
INSERT INTO community_members (id, community_id, user_id, role) VALUES ('7e0f542e-1035-4377-a228-4e35a927a223', '09ee1c7b-fc45-4675-a597-057ce1b5847f', '1bab3f31-992d-439a-9faa-c2ec9edc0cdc', 'MEMBER');
INSERT INTO community_members (id, community_id, user_id, role) VALUES ('e08d5b86-abd3-44af-a5fd-ebe41d6306c6', '09ee1c7b-fc45-4675-a597-057ce1b5847f', '87d8ec68-8512-40b6-bbea-e51fb02590f3', 'ADMIN');
INSERT INTO community_members (id, community_id, user_id, role) VALUES ('f1554260-fae0-4cd5-86de-32d19b70ea0c', '09ee1c7b-fc45-4675-a597-057ce1b5847f', 'e9594f31-1592-4c04-86b9-3e1791854d63', 'MEMBER');

-- Library Members
INSERT INTO library_members (id, library_id, user_id, role) VALUES ('472170d9-20e0-410b-b1e8-802abdf7cd96', 'b8a5a7d5-663f-4984-ae5c-2705f9e0b494', 'b5d13fc6-d9a4-4459-adf6-e77a8d220e95', 'ADMIN');
INSERT INTO library_members (id, library_id, user_id, role) VALUES ('c821d957-ec2f-4f0f-ae1f-d3137224f432', 'b8a5a7d5-663f-4984-ae5c-2705f9e0b494', '072bae74-494f-4aff-9ab5-77968851a059', 'MEMBER');
INSERT INTO library_members (id, library_id, user_id, role) VALUES ('34330851-c378-4ae9-9431-a0271aee6b0d', 'b8a5a7d5-663f-4984-ae5c-2705f9e0b494', '87d8ec68-8512-40b6-bbea-e51fb02590f3', 'ADMIN');
INSERT INTO library_members (id, library_id, user_id, role) VALUES ('4e33c8c8-8afa-45a2-bb3d-93e09ab16a98', 'b8a5a7d5-663f-4984-ae5c-2705f9e0b494', 'e9594f31-1592-4c04-86b9-3e1791854d63', 'MEMBER');
INSERT INTO library_members (id, library_id, user_id, role) VALUES ('5293109b-583b-45b0-9ec4-f683e9d5d02c', '758007f0-a192-4d1d-968a-a88477c95268', 'b5d13fc6-d9a4-4459-adf6-e77a8d220e95', 'ADMIN');
INSERT INTO library_members (id, library_id, user_id, role) VALUES ('1a2cc854-db6a-4195-8d2d-9c33185bbdc5', '758007f0-a192-4d1d-968a-a88477c95268', '1bab3f31-992d-439a-9faa-c2ec9edc0cdc', 'MEMBER');
INSERT INTO library_members (id, library_id, user_id, role) VALUES ('43c98876-dd2d-4e26-990c-55518a7bdddf', '758007f0-a192-4d1d-968a-a88477c95268', '87d8ec68-8512-40b6-bbea-e51fb02590f3', 'ADMIN');
INSERT INTO library_members (id, library_id, user_id, role) VALUES ('f8c9aaf7-2012-411e-8d34-324392e09b4b', '758007f0-a192-4d1d-968a-a88477c95268', 'e9594f31-1592-4c04-86b9-3e1791854d63', 'MEMBER');
INSERT INTO library_members (id, library_id, user_id, role) VALUES ('03cc2083-bf12-46d8-a139-360ae2923fd2', 'f68b3365-c4a2-4994-9a1e-ddbf0bafde1f', '0af3d6dd-7020-4acd-9884-cc8f458ede68', 'ADMIN');
INSERT INTO library_members (id, library_id, user_id, role) VALUES ('f798c3ed-e1e9-47ab-aafb-86f000ad0cce', 'f68b3365-c4a2-4994-9a1e-ddbf0bafde1f', '072bae74-494f-4aff-9ab5-77968851a059', 'MEMBER');
INSERT INTO library_members (id, library_id, user_id, role) VALUES ('4ad538bd-5b7c-4935-a685-2e3cc7258269', 'f68b3365-c4a2-4994-9a1e-ddbf0bafde1f', '87d8ec68-8512-40b6-bbea-e51fb02590f3', 'ADMIN');
INSERT INTO library_members (id, library_id, user_id, role) VALUES ('3eee85f1-4023-41b8-ac34-eaa28ea18c97', 'f68b3365-c4a2-4994-9a1e-ddbf0bafde1f', 'e9594f31-1592-4c04-86b9-3e1791854d63', 'MEMBER');
INSERT INTO library_members (id, library_id, user_id, role) VALUES ('7e4c623c-760c-4830-86ef-bab6d69fe5cc', 'b90d424d-8078-4169-94a1-4bbb795e379a', '0af3d6dd-7020-4acd-9884-cc8f458ede68', 'ADMIN');
INSERT INTO library_members (id, library_id, user_id, role) VALUES ('6adda0a5-ec30-4b59-83e5-7e1ab7195cbf', 'b90d424d-8078-4169-94a1-4bbb795e379a', '072bae74-494f-4aff-9ab5-77968851a059', 'MEMBER');
INSERT INTO library_members (id, library_id, user_id, role) VALUES ('a607c756-bd57-46a1-945f-bf8cf4d4f7d8', 'b90d424d-8078-4169-94a1-4bbb795e379a', '87d8ec68-8512-40b6-bbea-e51fb02590f3', 'ADMIN');
INSERT INTO library_members (id, library_id, user_id, role) VALUES ('7eb069b7-122d-4bc6-a39b-742cb261f721', 'b90d424d-8078-4169-94a1-4bbb795e379a', 'e9594f31-1592-4c04-86b9-3e1791854d63', 'MEMBER');
INSERT INTO library_members (id, library_id, user_id, role) VALUES ('07004511-3996-418e-9995-f77b525b31ee', '8a6290e2-6f60-4937-85e8-17eca414ed3f', '0af3d6dd-7020-4acd-9884-cc8f458ede68', 'ADMIN');
INSERT INTO library_members (id, library_id, user_id, role) VALUES ('f6c5fd01-b3aa-40b3-bc54-4e0cfe2c092f', '8a6290e2-6f60-4937-85e8-17eca414ed3f', '072bae74-494f-4aff-9ab5-77968851a059', 'MEMBER');
INSERT INTO library_members (id, library_id, user_id, role) VALUES ('90dd751d-d864-4e37-a57f-2228fdd48cbe', '8a6290e2-6f60-4937-85e8-17eca414ed3f', '87d8ec68-8512-40b6-bbea-e51fb02590f3', 'ADMIN');
INSERT INTO library_members (id, library_id, user_id, role) VALUES ('b99de599-397c-4fcd-bf57-265c07eac5cf', '8a6290e2-6f60-4937-85e8-17eca414ed3f', 'e9594f31-1592-4c04-86b9-3e1791854d63', 'MEMBER');
INSERT INTO library_members (id, library_id, user_id, role) VALUES ('c25029ea-853a-41f7-b451-f52abff2ec0e', '0f7f3e75-eb14-46af-99f9-4be2c6e91142', '0af3d6dd-7020-4acd-9884-cc8f458ede68', 'ADMIN');
INSERT INTO library_members (id, library_id, user_id, role) VALUES ('2fa713d2-ecf0-4aee-b3d2-3387429c9712', '0f7f3e75-eb14-46af-99f9-4be2c6e91142', '072bae74-494f-4aff-9ab5-77968851a059', 'MEMBER');
INSERT INTO library_members (id, library_id, user_id, role) VALUES ('f9daa90b-0da5-4ae8-a592-b614c06860d1', '0f7f3e75-eb14-46af-99f9-4be2c6e91142', '87d8ec68-8512-40b6-bbea-e51fb02590f3', 'MEMBER');
INSERT INTO library_members (id, library_id, user_id, role) VALUES ('04a4b857-9c67-4d14-b523-ed2423d646d2', '0f7f3e75-eb14-46af-99f9-4be2c6e91142', 'e9594f31-1592-4c04-86b9-3e1791854d63', 'ADMIN');
INSERT INTO library_members (id, library_id, user_id, role) VALUES ('4f4913c3-9032-4078-b5e2-93867d0c8c87', 'b0019dc5-e2c1-4e08-a439-3d6680f10cb1', '0af3d6dd-7020-4acd-9884-cc8f458ede68', 'ADMIN');
INSERT INTO library_members (id, library_id, user_id, role) VALUES ('c33f253f-9e69-4738-ad9b-74bc05cfd8ca', 'b0019dc5-e2c1-4e08-a439-3d6680f10cb1', '072bae74-494f-4aff-9ab5-77968851a059', 'MEMBER');
INSERT INTO library_members (id, library_id, user_id, role) VALUES ('39850d68-eb62-4e54-b728-98b43e330586', 'b0019dc5-e2c1-4e08-a439-3d6680f10cb1', '87d8ec68-8512-40b6-bbea-e51fb02590f3', 'ADMIN');
INSERT INTO library_members (id, library_id, user_id, role) VALUES ('7d6ad642-8124-4817-88a8-d3f14623be02', 'b0019dc5-e2c1-4e08-a439-3d6680f10cb1', 'e9594f31-1592-4c04-86b9-3e1791854d63', 'MEMBER');
INSERT INTO library_members (id, library_id, user_id, role) VALUES ('bb15a3bb-98dc-498e-b9e4-3c0fc0d51ae3', 'b23babba-0b2f-4bff-b418-ebee03115389', '0af3d6dd-7020-4acd-9884-cc8f458ede68', 'ADMIN');
INSERT INTO library_members (id, library_id, user_id, role) VALUES ('a01f59c9-4aec-4f8f-901b-a47d41982277', 'b23babba-0b2f-4bff-b418-ebee03115389', '072bae74-494f-4aff-9ab5-77968851a059', 'MEMBER');
INSERT INTO library_members (id, library_id, user_id, role) VALUES ('c3f4e6d9-d192-4fa2-9dc0-60f22e3aee9c', 'b23babba-0b2f-4bff-b418-ebee03115389', '87d8ec68-8512-40b6-bbea-e51fb02590f3', 'ADMIN');
INSERT INTO library_members (id, library_id, user_id, role) VALUES ('2d33bbde-7b44-4037-a712-aaa7ac520bfd', 'b23babba-0b2f-4bff-b418-ebee03115389', 'e9594f31-1592-4c04-86b9-3e1791854d63', 'MEMBER');

